Rk,Team,Conf,W-L,AdjEM,AdjO,AdjD,AdjT,Luck,AdjEM,OppO,OppD,AdjEM,,,,,,,,
1,Houston,B12,28-3,32.87,121,12,88.1,1,63.6,349,0.034,103,10.5,24,111.7,43,101.2,12,-0.8,220
2,Connecticut,BE,28-3,31.3,126.1,3,94.8,13,64.6,333,0.045,79,9.32,47,111.5,51,102.2,42,-3.43,283
3,Purdue,B10,28-3,29.76,126.3,1,96.5,21,67.7,172,0.059,52,13.31,5,114.5,4,101.2,10,10.66,9
4,Auburn,SEC,24-7,27.49,120.9,14,93.4,6,69.9,62,-0.076,334,8.69,67,111.9,41,103.2,76,1.57,146
5,Tennessee,SEC,24-7,27.39,118.5,25,91.1,3,69.6,75,-0.036,275,12.28,7,114.6,3,102.4,48,8.27,22
6,Arizona,P12,24-7,27.19,122.9,8,95.7,15,72.6,14,-0.035,270,10.56,23,112.3,31,101.7,26,10.35,13
7,Duke,ACC,24-7,25.77,123.1,7,97.3,23,66.8,239,-0.066,324,8.32,72,110.8,73,102.4,51,0.15,191
8,North Carolina,ACC,25-6,25.12,118.4,26,93.3,5,70.7,42,-0.02,240,11.06,17,112.7,20,101.6,24,7.47,27
9,Creighton,BE,23-8,24.16,121,11,96.8,22,67,222,0.002,180,11.05,18,112.6,22,101.6,22,5.36,60
10,Illinois,B10,22-8,23.39,126,4,102.6,97,69.8,65,-0.058,307,9.93,36,111.2,56,101.3,14,-2.19,257
11,Alabama,SEC,21-10,23.35,126.2,2,102.8,102,72.8,11,-0.02,242,13.32,4,114.8,1,101.5,18,9.11,17
12,Iowa St.,B12,24-7,23.31,112.7,79,89.4,2,67.7,174,0.012,160,9,59,110.9,70,101.9,31,-7.65,353
13,Marquette,BE,23-8,22.95,119.2,19,96.2,17,69.5,79,0.027,116,12.23,8,113.4,6,101.2,11,8.32,21
14,Baylor,B12,22-9,22.6,123.7,5,101.1,72,65.8,283,-0.003,198,13.44,3,113.2,13,99.7,1,3.17,97
15,Gonzaga,WCC,24-6,22,121.1,10,99.1,39,69.5,80,-0.05,294,2.17,117,108.3,110,106.1,147,7.54,26
16,BYU,B12,22-9,21.36,120.9,13,99.6,44,69.2,88,-0.034,268,8.86,60,110.6,77,101.8,27,-5.57,326
17,Kentucky,SEC,23-8,20.91,123.2,6,102.3,92,72.7,13,-0.021,244,8.83,61,111.6,47,102.8,67,-0.05,199
18,Kansas,B12,22-9,20.6,115,46,94.4,10,69.1,93,0.049,67,13.62,2,113.4,7,99.8,2,5.28,63
19,Michigan St.,B10,18-12,20.09,114.5,53,94.4,11,65.4,302,-0.087,346,11.57,12,114.3,5,102.7,63,4.43,76
20,San Diego St.,MWC,22-9,19.5,113.7,66,94.2,9,66.5,253,-0.036,272,10.23,28,112.7,18,102.5,52,10.53,10
21,Wisconsin,B10,19-12,19,119.3,18,100.3,58,65.2,310,-0.036,274,13.13,6,113.2,12,100.1,3,6.56,41
22,Saint Mary's,WCC,24-7,18.95,114.8,49,95.8,16,62.3,358,0.01,162,2.15,120,108.1,115,106,137,5.22,64
23,Texas,B12,20-11,18.95,119.1,20,100.1,55,67.3,201,-0.02,241,10.27,26,111.6,48,101.3,15,-3.15,279
24,Clemson,ACC,21-10,18.63,118.9,21,100.3,57,66.5,254,-0.041,284,10.01,32,112.5,26,102.5,56,5.3,62
25,Texas Tech,B12,22-9,18.56,118.5,24,100,53,66.7,247,0.029,110,9.43,44,111.3,55,101.8,28,-2.44,263
26,Wake Forest,ACC,19-12,18.26,118.1,27,99.8,47,68.4,134,-0.102,354,8.27,73,110.4,81,102.1,41,-1.94,251
27,Colorado,P12,22-9,18.19,118.8,22,100.6,64,68.1,148,0.014,151,7.27,79,110.4,82,103.1,74,-1.63,244
28,Villanova,BE,17-14,18.09,113.2,70,95.1,14,63.7,347,-0.093,351,11.54,13,113.1,15,101.6,23,6.16,46
29,Dayton,A10,24-6,18.07,119.6,16,101.5,77,64.4,337,0.009,165,5.57,89,109.2,95,103.6,80,6.98,36
30,Florida,SEC,21-10,17.83,119.5,17,101.7,81,71.2,32,-0.033,266,9.29,48,111.8,42,102.6,58,1.89,136
31,St. John's,BE,19-12,17.68,116.9,30,99.2,42,69.3,84,-0.059,308,9.8,39,112.4,30,102.6,61,1.11,158
32,Nebraska,B10,22-9,17.66,115.5,42,97.8,26,68.5,132,0.025,119,8.34,71,110.9,69,102.5,57,-5.56,324
33,TCU,B12,20-11,17.33,116.6,31,99.2,41,69.9,64,-0.06,315,8.74,66,110.6,78,101.9,32,-8.04,357
34,New Mexico,MWC,22-9,17.21,116.1,36,98.9,37,73.3,5,-0.035,271,6.12,86,110,86,103.9,86,-0.34,207
35,Nevada,MWC,26-6,17.1,115.6,41,98.5,33,66.7,242,0.073,35,5.05,93,109.9,87,104.9,105,-1.4,240
36,Colorado St.,MWC,22-9,17.09,115.8,38,98.7,35,66.1,268,-0.038,277,8.79,64,112.5,27,103.7,81,5.62,53
37,Florida Atlantic,Amer,24-7,16.95,119.9,15,102.9,104,68,161,0,187,5.25,91,109.9,88,104.6,99,6.64,40
38,Boise St.,MWC,22-9,16.9,115,47,98.1,28,67,229,0.022,127,8.81,63,111.2,58,102.4,50,7.8,25
39,Mississippi St.,SEC,19-12,16.75,114.3,57,97.5,25,67.5,190,-0.044,287,10.17,29,112.7,19,102.5,54,0.83,166
40,Oklahoma,B12,20-11,16.49,114.9,48,98.4,32,67.1,216,-0.012,218,10.06,31,111,67,100.9,6,-5.38,320
Strength of Schedule,NCSOS,,,,,,,,,,,,,,,,,,,
Rk,Team,Conf,W-L,AdjEM,AdjO,AdjD,AdjT,Luck,AdjEM,OppO,OppD,AdjEM,,,,,,,,
41,Indiana St.,MVC,28-5,16.44,118.8,23,102.3,93,70.7,41,0.048,71,1.24,130,107.2,147,105.9,136,-4.24,302
42,Cincinnati,B12,18-13,16.4,112.7,77,96.3,19,67.4,193,-0.091,349,8.76,65,110.7,75,102,34,-3.94,297
43,Northwestern,B10,21-10,16.27,117.5,29,101.2,73,63.9,344,0.015,148,9.19,50,112,38,102.8,65,-7.48,351
44,Utah St.,MWC,26-5,16.07,116,37,99.9,49,68.7,114,0.1,18,5.86,87,109.9,89,104,88,1.93,134
45,Washington St.,P12,23-8,15.98,114.3,56,98.3,31,65.1,314,0.033,104,6.44,85,110.2,84,103.7,84,-5.22,318
46,Pittsburgh,ACC,21-10,15.79,116.2,35,100.4,60,65.7,288,0.012,157,6.65,84,110.4,83,103.7,83,-6.31,340
47,South Carolina,SEC,25-6,15.67,115.5,43,99.8,46,63,354,0.139,4,6.82,82,110.5,79,103.7,82,-6.08,336
48,Texas A&M,SEC,18-13,15.52,115.3,45,99.8,48,65.4,303,-0.028,258,10.77,21,112.6,23,101.8,29,5.02,67
49,Iowa,B10,18-12,14.99,121.2,9,106.2,166,71.5,27,-0.007,207,10.89,19,112.6,24,101.7,25,-1.25,233
50,Utah,P12,18-13,14.62,114.6,51,100,52,69.8,69,-0.029,261,10.11,30,112,35,101.9,33,5.82,50
51,Drake,MVC,27-6,14.46,115.8,39,101.3,75,68.1,150,0.058,53,2.03,122,107.8,122,105.8,130,-1.65,246
52,Maryland,B10,15-15,14.06,107.8,154,93.7,7,65.3,308,-0.125,361,9.14,53,111.9,40,102.8,66,-4.89,313
53,Virginia Tech,ACC,18-13,13.94,116.5,32,102.6,98,67.7,177,-0.026,254,9.16,51,110.7,74,101.6,21,2.83,112
54,Xavier,BE,15-16,13.89,113.8,64,100,50,71,35,-0.07,328,11.85,11,113.1,14,101.3,13,4.87,69
55,Ohio St.,B10,18-12,13.74,115.5,44,101.7,82,65.5,299,-0.02,236,9.06,56,111.6,46,102.6,60,-2.02,255
56,Grand Canyon,WAC,27-4,13.6,113.9,63,100.3,56,67.9,165,0.02,133,-1.92,212,104.1,288,106,140,-1.38,238
57,Seton Hall,BE,20-11,13.41,112.6,80,99.2,40,66.2,264,0.072,36,9.54,42,112,36,102.5,53,-1.34,237
58,Princeton,Ivy,24-3,13.36,117.8,28,104.5,132,64.5,334,0.046,76,0.4,148,106.8,159,106.4,159,3.23,95
59,Washington,P12,17-14,13.09,115.6,40,102.6,96,71.3,30,-0.073,331,9.16,52,111.3,54,102.2,43,5.79,51
60,SMU,Amer,20-10,13.02,113,72,100,51,67.7,176,-0.071,330,2.71,111,108.3,106,105.6,127,0.38,180
61,UCF,B12,16-14,12.82,107.5,158,94.7,12,68.6,126,-0.065,323,9.34,46,111.4,52,102.1,37,-5.95,333
62,Providence,BE,19-12,12.77,109,133,96.2,18,68,156,0.02,132,9.22,49,112.1,33,102.9,71,-2.43,262
63,Butler,BE,18-13,12.46,114,61,101.5,79,68.4,136,0.002,177,11.48,14,112.8,16,101.4,16,2.29,123
64,Bradley,MVC,22-11,12.38,112.8,76,100.4,59,66.5,255,-0.044,289,3.53,102,108.1,113,104.6,97,2.47,118
65,James Madison,SB,29-3,12.37,113.4,68,101,70,69.9,61,0.025,121,-5.02,303,103.5,298,108.5,280,-6.93,346
66,McNeese St.,Slnd,28-3,12.27,112.9,74,100.6,65,66.1,269,0.022,124,-6.61,333,102.7,317,109.4,330,4.21,78
67,Virginia,ACC,22-9,12.18,106.1,189,93.9,8,60.4,362,0.118,9,7.5,77,111,64,103.5,79,-1.29,234
68,Kansas St.,B12,18-13,12.06,108.5,142,96.5,20,67.4,197,0.025,120,10.71,22,111.7,44,101,7,0.08,193
69,Oregon,P12,20-11,11.99,113.9,62,101.9,86,67.6,183,0.03,107,8.13,75,111,65,102.8,69,-0.29,205
70,San Francisco,WCC,23-9,11.7,110.3,106,98.6,34,67.6,185,-0.034,269,-1.72,209,106.1,191,107.8,238,-2.98,275
71,Memphis,Amer,22-9,11.36,114.2,59,102.8,101,71.9,20,0.048,73,5.18,92,109.7,91,104.6,95,5.32,61
72,UNLV,MWC,19-11,10.84,112.7,78,101.9,85,65.2,312,0.017,144,6.98,81,110.8,72,103.8,85,3.74,88
73,UC Irvine,BW,24-8,10.81,109.6,122,98.8,36,68.7,119,-0.033,267,-0.59,178,106,201,106.6,167,5.7,52
74,North Texas,Amer,17-13,10.77,109.9,112,99.1,38,61.4,361,-0.118,359,4.71,96,109.4,94,104.7,101,3.89,85
75,Appalachian St.,SB,27-5,10.57,108.7,139,98.1,29,67.3,200,0.039,93,-1.96,213,106.3,186,108.2,263,0.51,176
76,N.C. State,ACC,17-14,10.35,113.2,69,102.9,103,68.1,151,-0.03,264,8.44,69,110.9,68,102.5,55,-5.05,314
77,Minnesota,B10,18-13,10.34,114,60,103.7,116,66.8,238,-0.019,233,6.71,83,110.7,76,104,87,-12.86,362
78,Syracuse,ACC,20-11,10.02,112,87,102,87,70.8,39,0.137,5,9.95,34,112.2,32,102.2,44,3.31,92
79,Samford,SC,27-5,9.87,114.2,58,104.3,129,72.5,15,0.121,8,-3.1,249,104.5,274,107.6,221,-5.59,327
80,Richmond,A10,23-8,9.86,108.1,148,98.2,30,67.1,217,0.054,60,2.48,113,107.7,124,105.3,119,-3.13,278
Strength of Schedule,NCSOS,,,,,,,,,,,,,,,,,,,
Rk,Team,Conf,W-L,AdjEM,AdjO,AdjD,AdjT,Luck,AdjEM,OppO,OppD,AdjEM,,,,,,,,
81,Florida St.,ACC,16-15,9.5,110.6,100,101.1,71,71.3,29,-0.003,197,9.84,38,112.4,29,102.6,59,3.04,105
82,Penn St.,B10,14-16,9.44,112.1,86,102.7,99,70.3,53,-0.06,311,9.64,40,111.9,39,102.3,46,-4.28,304
83,USC,P12,14-17,9.39,111.2,94,101.8,84,68.5,131,-0.059,309,9.97,33,111.5,50,101.6,20,6.15,47
84,Mississippi,SEC,20-11,9.37,114.5,52,105.2,148,66.9,231,0.107,13,8.24,74,111.1,63,102.8,68,-1.84,250
85,Massachusetts,A10,20-10,9.29,112.3,83,103,108,68.5,133,-0.073,332,0.11,156,106.6,168,106.5,163,-5.5,321
86,VCU,A10,19-12,9.25,109.7,119,100.4,62,66,274,-0.039,280,3.56,101,108.6,102,105,110,-0.19,202
87,South Florida,Amer,23-6,9.21,110.1,108,100.8,68,68.1,145,0.068,42,0.13,155,106.6,171,106.5,160,-4.08,298
88,Rutgers,B10,15-15,9.19,100.9,281,91.7,4,68,158,0.004,172,11.3,15,113.3,9,102,36,-3.01,276
89,Yale,Ivy,20-9,9.18,112.1,85,102.9,105,64.9,320,-0.015,222,1.76,124,108.5,103,106.8,177,5.16,65
90,Louisiana Tech,CUSA,22-9,9.13,109.5,125,100.4,61,65.7,291,-0.058,304,-0.01,160,105.4,236,105.4,123,3.75,87
91,LSU,SEC,17-14,9.06,111.2,95,102.2,90,69.8,66,-0.001,189,8.63,68,111.7,45,103.1,72,-1.19,231
92,Indiana,B10,17-13,8.97,111.2,96,102.2,91,68.7,121,0.112,11,11.24,16,113.4,8,102.1,40,-0.73,217
93,Georgia,SEC,16-15,8.97,110.5,102,101.5,76,68.6,127,0.002,178,9.44,43,112.5,25,103.1,73,0.3,184
94,Loyola Chicago,A10,23-8,8.79,106.3,183,97.5,24,68.9,101,0.08,29,2.26,116,107.6,134,105.4,122,-3.6,287
95,George Mason,A10,20-11,8.71,110.3,104,101.6,80,63.9,343,-0.025,251,2.16,119,108.2,112,106,141,-2.89,272
96,Boston College,ACC,17-14,8.47,113,73,104.5,135,67.7,173,-0.006,203,7.39,78,110,85,102.7,62,-0.61,213
97,Miami FL,ACC,15-16,8.28,111.6,90,103.3,113,68.8,109,-0.057,302,9.02,57,111.1,62,102.1,38,-2.59,266
98,St. Bonaventure,A10,18-12,8.01,111.9,88,103.9,122,66,272,-0.039,282,2.04,121,107.2,148,105.1,115,-4.14,299
99,Cornell,Ivy,22-6,7.71,114.4,55,106.6,172,71.7,22,0.032,106,-0.67,183,106,203,106.6,169,0.2,189
100,Charleston,CAA,25-7,7.63,114.6,50,107,177,70.2,54,0.037,96,-2.56,234,105.9,204,108.5,278,-0.41,210
101,Duquesne,A10,20-11,7.48,107,168,99.5,43,66.7,246,0.037,97,4.22,99,109,99,104.7,103,1.65,142
102,UCLA,P12,15-16,7.33,106.9,169,99.6,45,63.3,352,-0.021,245,9.01,58,111,66,102,35,0.88,165
103,Vermont,AE,26-6,7.29,108.1,147,100.8,67,63.5,350,0.056,56,-2.55,233,105,254,107.6,217,2.46,119
104,Saint Joseph's,A10,19-12,6.87,111.4,92,104.6,137,68.9,100,-0.039,278,1.1,133,107.3,143,106.2,154,-6.22,338
105,Stanford,P12,13-17,6.57,110.9,99,104.3,128,69.8,72,-0.062,317,7.75,76,110.5,80,102.7,64,-1.64,245
106,Arkansas,SEC,15-16,6.48,110.4,103,103.9,124,71,34,0.039,91,9.93,37,113.2,11,103.3,78,2.32,122
107,Oklahoma St.,B12,19-Dec,6.03,109.7,117,103.7,117,67.3,207,-0.069,327,9.6,41,111.1,61,101.5,19,-5.54,323
108,Western Carolina,SC,22-10,5.73,109.7,121,103.9,123,67.1,219,0.002,179,-0.66,182,106.6,170,107.3,202,0.04,196
109,Santa Clara,WCC,20-12,5.68,109.8,115,104.1,127,69.3,83,0.017,143,1.68,125,107.8,123,106.1,145,3.57,90
110,UNC Wilmington,CAA,21-9,5.66,114.4,54,108.8,222,65.4,304,0.027,114,-0.46,174,106.9,156,107.4,206,6.09,48
111,Northern Iowa,MVC,19-14,5.63,109.7,120,104,126,66.9,232,0.036,101,4.93,95,109.2,96,104.2,92,6.37,43
112,Morehead St.,OVC,26-8,5.49,109.3,128,103.8,119,64.5,335,0.044,84,-5.91,320,103.5,297,109.4,333,7.87,24
113,High Point,BSth,25-8,5.48,116.3,33,110.8,260,68.8,111,-0.061,316,-4.42,289,104.6,271,109,306,-4.37,307
114,Charlotte,Amer,19-11,5.45,110.3,105,104.8,142,62.6,356,0.06,51,3.03,106,108.3,109,105.2,118,3.17,98
115,Belmont,MVC,20-13,5.41,109.8,116,104.4,130,71.4,28,0.056,57,2.75,107,108.4,104,105.6,128,1.49,148
116,Hofstra,CAA,19-12,5.19,109.7,118,104.5,136,65.8,284,-0.027,255,-0.32,169,108,117,108.3,268,5.45,58
117,Davidson,A10,15-16,5.01,106.5,177,101.5,78,65.8,282,-0.073,333,4.5,98,108.7,100,104.2,91,1.09,159
118,California,P12,13-18,4.9,109.5,126,104.6,138,68.7,120,0.001,181,8.83,62,111.2,60,102.4,49,0.59,174
119,Akron,MAC,21-10,4.84,108.8,137,103.9,125,65.5,298,-0.029,259,-2.12,216,105.8,212,107.9,243,6.36,44
120,Arizona St.,P12,14-17,4.76,104.8,213,100.1,54,69,95,0.061,48,10.23,27,112.1,34,101.9,30,6.25,45
Strength of Schedule,NCSOS,,,,,,,,,,,,,,,,,,,
Rk,Team,Conf,W-L,AdjEM,AdjO,AdjD,AdjT,Luck,AdjEM,OppO,OppD,AdjEM,,,,,,,,
121,Drexel,CAA,20-11,4.64,108.3,145,103.7,115,64.8,325,-0.02,239,-2.04,215,106,200,108,252,0.42,179
122,Southern Illinois,MVC,19-13,4.57,109.8,113,105.3,149,64.6,331,-0.018,228,0.74,140,106.9,155,106.2,153,-6.78,343
123,UAB,Amer,19-11,4.5,112.9,75,108.4,211,68,153,0.115,10,4.57,97,109.5,93,104.9,107,2,132
124,Notre Dame,ACC,19-Dec,4.41,102.4,252,98,27,64.5,336,-0.024,250,9.07,55,111.4,53,102.3,47,-0.68,216
125,UC San Diego,BW,21-11,4.4,112.3,84,107.9,199,65.5,297,-0.01,214,-2.19,218,104.4,280,106.6,168,-1.05,227
126,Georgia Tech,ACC,14-17,4.06,108.7,140,104.6,139,67.6,186,0.085,26,10.87,20,112,37,101.1,9,4.47,75
127,Michigan,B10,23-Aug,4.01,111.5,91,107.5,190,67.9,164,-0.08,340,13.96,1,114.7,2,100.7,5,7.35,31
128,UT Arlington,WAC,18-13,3.89,107,167,103.1,109,71.2,33,0.022,128,1.04,135,106.3,184,105.3,121,9.46,16
129,Troy,SB,20-12,3.66,107.5,159,103.9,120,69.8,67,-0.052,296,-1.86,211,105.6,222,107.5,214,0.5,177
130,Arkansas St.,SB,17-15,3.57,113.6,67,110,242,68.6,125,-0.044,288,-0.45,172,106.6,166,107.1,192,2,131
131,Seattle,WAC,18-13,3.55,104.6,216,101,69,67,230,-0.077,336,-1.32,200,104.4,278,105.8,131,-1.47,241
132,Liberty,CUSA,18-13,3.51,110,110,106.5,169,64.9,319,-0.042,286,0.08,157,105,253,104.9,106,3.28,93
133,Toledo,MAC,20-11,3.18,113.8,65,110.7,257,69.7,73,0.012,156,-1.61,205,105.7,216,107.3,204,5.09,66
134,Tulane,Amer,14-16,3.1,111.3,93,108.2,207,72.8,12,-0.082,342,3.2,105,108.3,107,105.1,114,-3.4,282
135,Tarleton St.,WAC,23-8,3.03,108.7,141,105.6,154,66.9,234,0.177,1,0.48,145,105.2,250,104.7,100,5.48,56
136,Youngstown St.,Horz,22-10,2.94,108.4,143,105.5,152,69.1,92,-0.022,247,-4.26,285,105.8,208,110.1,354,1.27,150
137,Oakland,Horz,21-11,2.68,109.2,132,106.5,168,66.7,243,0.067,43,-1.13,194,107.4,139,108.6,282,9.7,15
138,Chattanooga,SC,21-11,2.65,110.9,98,108.2,208,67,227,0.045,78,-2.21,219,105.7,221,107.9,240,-4.57,309
139,Furman,SC,17-15,2.54,110.5,101,108,201,69,98,-0.06,313,0.47,146,107.6,135,107.1,193,2.35,121
140,Eastern Washington,BSky,21-10,2.48,113.2,71,110.7,259,70.7,43,0.088,22,-0.97,191,106.7,161,107.7,227,8.94,18
141,South Dakota St.,Sum,20-12,2.3,109.8,114,107.5,192,68.3,140,-0.03,262,-2.57,235,105.9,205,108.4,275,2.8,114
142,St. Thomas,Sum,19-12,2.18,108.8,136,106.6,171,63.4,351,-0.092,350,-5.1,306,105,256,110.1,355,-3.85,291
143,West Virginia,B12,22-Sep,2.09,107.8,156,105.7,155,68.7,117,-0.002,195,12.14,10,112.4,28,100.3,4,2.91,109
144,Sam Houston St.,CUSA,20-11,2.06,106.5,176,104.5,133,67.8,167,0.088,21,0.2,153,105,255,104.8,104,2.86,111
145,Colgate,Pat,23-9,2.02,105,206,103,107,66.6,251,0.05,65,-6.75,337,102.6,321,109.4,328,6.53,42
146,Weber St.,BSky,20-11,2,108.9,134,106.9,175,65.6,294,-0.004,201,-2.36,228,105.7,220,108,251,4.23,77
147,Missouri,SEC,23-Aug,1.82,109.3,130,107.4,188,67.1,213,-0.132,362,9.95,35,112.8,17,102.9,70,-1.31,235
148,UNC Greensboro,SC,21-11,1.81,109.6,123,107.8,197,65,317,0.07,39,-0.65,180,106.6,169,107.3,201,-0.29,204
149,Missouri St.,MVC,17-16,1.65,104.9,210,103.3,111,68,159,0.022,125,2.4,115,107.7,131,105.3,120,-3.38,281
150,Ohio,MAC,19-12,1.56,110,111,108.4,212,67.3,202,-0.084,343,-4.57,293,104.5,276,109.1,308,-2.71,268
151,Louisiana,SB,19-14,1.52,106.5,178,105,145,68.9,105,-0.017,226,-0.65,179,106.7,163,107.4,207,1.76,140
152,Western Kentucky,CUSA,19-11,1.5,105.2,204,103.7,118,75.3,1,-0.052,298,-2.14,217,104.6,272,106.7,176,-2.89,273
153,Wyoming,MWC,15-16,1.49,109.3,129,107.8,198,67.2,210,0.051,64,7.11,80,111.2,59,104.1,89,2.63,116
154,Montana,BSky,21-10,1.37,112.4,82,111,268,66.2,265,0.071,37,-3.28,256,105.4,237,108.7,287,1.85,137
155,Oregon St.,P12,13-18,1.24,107,165,105.8,159,65.5,301,0.049,68,9.12,54,111.2,57,102.1,39,0.7,168
156,Towson,CAA,19-13,1.24,104.5,218,103.3,112,62.4,357,0.019,135,-1.68,207,106.5,178,108.2,256,1.61,143
157,Longwood,BSth,21-13,1.2,106.3,185,105.1,146,67,225,-0.047,290,-3.94,280,104.9,257,108.9,298,-6.96,347
158,UMass Lowell,AE,21-9,1.2,106.9,170,105.7,156,70.3,51,0.001,183,-4.72,296,102.4,327,107.1,190,-2.9,274
159,Wichita St.,Amer,13-18,0.94,104.2,223,103.3,110,68.7,116,-0.058,303,3.51,103,109.1,97,105.6,126,1.6,144
160,Murray St.,MVC,20-Dec,0.75,107.9,151,107.2,181,64.6,332,-0.113,358,3.24,104,107.8,120,104.6,98,0.31,182
Strength of Schedule,NCSOS,,,,,,,,,,,,,,,,,,,
Rk,Team,Conf,W-L,AdjEM,AdjO,AdjD,AdjT,Luck,AdjEM,OppO,OppD,AdjEM,,,,,,,,
161,Wright St.,Horz,18-14,0.71,116.2,34,115.5,348,71.7,21,-0.058,306,-2.67,240,105.5,228,108.2,257,4.15,80
162,Purdue Fort Wayne,Horz,21-12,0.69,105.5,197,104.8,141,70.8,38,-0.059,310,-6.49,329,104.3,283,110.8,362,-9.37,358
163,Stephen F. Austin,WAC,17-14,0.27,102.3,256,102.1,88,69.6,76,-0.02,237,-0.82,187,105.2,249,106,139,-0.57,212
164,Utah Valley,WAC,16-15,0.25,100.9,282,100.6,63,67.9,162,0.006,170,1.64,127,106.6,167,105,109,7.45,29
165,Delaware,CAA,19-13,-0.14,105.7,194,105.8,160,67.6,180,-0.013,219,-3.49,267,105.5,231,109,302,-0.9,225
166,Lipscomb,ASun,20-12,-0.15,112.6,81,112.7,311,69.2,87,0.01,161,-3.72,276,105.7,218,109.4,331,2.25,124
167,UNC Asheville,BSth,22-12,-0.25,107.8,155,108,203,68.3,139,0.083,27,-1.29,198,106.7,165,108,246,3.26,94
168,Fairfield,MAAC,20-11,-0.3,109.2,131,109.5,238,68.8,112,0.009,168,-5.74,317,102.3,330,108,249,-2.84,270
169,Hawaii,BW,19-13,-0.39,105.2,205,105.6,153,66.5,256,-0.003,196,-3.07,248,104.3,282,107.4,213,-5.16,317
170,Texas A&M Corpus Chris,Slnd,21-10,-0.54,102,259,102.5,95,68.8,108,0.012,155,-7.51,346,102.2,332,109.8,345,1.57,145
171,Bryant,AE,20-12,-0.81,101.6,265,102.4,94,74.4,3,0.079,30,-1.97,214,104.5,275,106.5,161,3.61,89
172,UC Davis,BW,19-12,-0.89,102.8,247,103.7,114,67.5,191,0.038,95,-2.63,237,105.3,243,107.9,244,-3.83,290
173,Winthrop,BSth,17-15,-0.94,107.4,163,108.3,209,67.1,215,-0.057,301,-1.7,208,106.4,179,108.1,255,1.24,152
174,East Tennessee St.,SC,18-15,-1.12,104.3,221,105.4,151,66.9,235,0.024,123,-0.5,176,106.3,182,106.8,180,1.25,151
175,Quinnipiac,MAAC,23-8,-1.26,105.9,190,107.2,182,72,18,0.105,16,-7.07,344,101.6,343,108.7,290,-7.25,350
176,Stony Brook,CAA,18-14,-1.68,106.3,182,108,200,68,154,0.047,75,-2.33,226,105.2,247,107.5,215,0.53,175
177,Tulsa,Amer,16-14,-1.77,103.1,243,104.9,143,70.6,44,0.014,152,-0.93,190,106.3,187,107.2,196,-10.04,360
178,Illinois St.,MVC,15-17,-1.78,103.1,242,104.9,144,63.9,345,0.021,129,1.18,131,107.7,127,106.5,165,-4.15,300
179,Long Beach St.,BW,18-14,-1.81,106.8,172,108.6,215,71.7,23,0.039,92,-1.1,193,105.1,251,106.2,152,1,161
180,East Carolina,Amer,14-17,-1.94,104.9,211,106.8,174,65.1,315,-0.019,230,0.93,137,107.3,141,106.4,158,-6.41,341
181,UTEP,CUSA,16-15,-1.96,98.8,308,100.7,66,70.1,57,-0.021,246,-1.04,192,105.3,244,106.3,156,-0.96,226
182,Northern Kentucky,Horz,18-14,-1.96,103.8,234,105.8,157,68.2,143,0.029,111,-2.21,220,106.6,172,108.8,293,4.52,74
183,Texas St.,SB,17-17,-2.02,101,279,103,106,66.6,248,0.048,74,1.1,134,107.2,144,106.1,149,7.17,34
184,Jacksonville St.,CUSA,14-17,-2.13,102.6,250,104.7,140,65,318,-0.107,355,-1.68,206,104.8,259,106.5,164,-2.56,265
185,Little Rock,OVC,21-12,-2.15,107.4,162,109.6,239,68.9,103,-0.004,200,-8.94,356,101.1,349,110,353,-6.03,335
186,Kent St.,MAC,15-16,-2.2,106.5,180,108.7,218,67.2,211,-0.088,348,-2.47,231,105.4,238,107.9,239,3.15,99
187,Northern Colorado,BSky,19-12,-2.3,110,109,112.3,300,70,60,0.036,99,-4.11,282,105.1,252,109.2,316,-2.37,259
188,Vanderbilt,SEC,22-Sep,-2.41,105.2,203,107.7,193,65.9,281,0.032,105,10.36,25,112.7,21,102.3,45,-1.95,252
189,Wofford,SC,17-15,-2.48,107.8,153,110.3,252,65.8,285,0.06,50,1.25,129,107.8,121,106.6,166,3.99,83
190,Georgetown,BE,22-Sep,-2.53,111,97,113.5,323,67,228,-0.022,248,9.35,45,110.8,71,101.4,17,-6.79,344
191,Loyola Marymount,WCC,19-Dec,-2.55,108.7,138,111.3,272,64.8,327,-0.112,357,-0.23,166,106.7,164,106.9,183,-1.95,253
192,Illinois Chicago,MVC,21-Dec,-2.59,101.3,269,103.9,121,68.4,138,-0.064,320,2.72,110,107.9,119,105.2,116,-2.7,267
193,Cleveland St.,Horz,20-13,-2.61,108.4,144,111,264,67.3,205,0.029,109,-4.37,288,104.8,260,109.2,318,-1.52,243
194,Cal Baptist,WAC,15-16,-2.65,103.2,241,105.8,158,64,342,-0.064,321,-2.27,225,103.9,292,106.2,151,-6.21,337
195,Monmouth,CAA,18-15,-2.78,106.1,188,108.9,224,68,157,0.058,54,-1.52,202,106.2,188,107.8,230,1.92,135
196,Saint Louis,A10,19-Dec,-2.95,111.8,89,114.7,341,69.5,78,0.054,61,5.69,88,109,98,103.3,77,3.03,106
197,Louisville,ACC,23-Aug,-3.09,105,207,108.1,205,69.9,63,-0.033,265,8.38,70,111.5,49,103.2,75,-4.3,305
198,Saint Peter's,MAAC,16-13,-3.12,99,305,102.1,89,64.7,329,-0.016,224,-4.92,300,102.7,316,107.7,226,0.31,183
199,La Salle,A10,15-16,-3.13,106.2,187,109.3,234,67.1,218,0.044,85,0.96,136,107.1,150,106.2,150,-7.65,352
200,Merrimack,NEC,21-11,-3.23,98,317,101.2,74,67.7,171,0.027,115,-8.56,352,101,350,109.5,336,3.81,86
Strength of Schedule,NCSOS,,,,,,,,,,,,,,,,,,,
Rk,Team,Conf,W-L,AdjEM,AdjO,AdjD,AdjT,Luck,AdjEM,OppO,OppD,AdjEM,,,,,,,,
201,Fordham,A10,19-Dec,-3.29,101.2,272,104.5,134,69,96,-0.03,263,1.11,132,107.2,146,106.1,146,-6.29,339
202,George Washington,A10,15-16,-3.31,108.2,146,111.5,281,70.1,58,0.003,174,0.38,149,106.1,193,105.7,129,-10.48,361
203,UC Santa Barbara,BW,16-14,-3.32,106.7,173,110,243,67.5,187,0.001,182,-2.66,239,104.1,287,106.8,178,-4.8,311
204,Gardner Webb,BSth,17-16,-3.39,102.7,248,106.1,164,69.6,77,0.078,31,0.92,138,108,118,107,189,7.3,33
205,UC Riverside,BW,15-17,-3.5,104.9,212,108.4,210,67.1,214,0.009,167,-0.41,171,105.4,232,105.9,133,3.39,91
206,Lamar,Slnd,18-13,-3.57,105,208,108.5,214,69,97,-0.039,279,-7.8,349,102.1,334,109.9,351,-3.28,280
207,Evansville,MVC,16-17,-3.62,103.5,235,107.1,180,68.7,115,0.064,47,2.17,118,107.4,140,105.2,117,-5.87,332
208,Brown,Ivy,17-Dec,-3.8,104.3,219,108.1,206,66.8,237,-0.001,193,0.29,150,106.5,174,106.2,155,0.05,195
209,Rhode Island,A10,19-Dec,-3.82,107.3,164,111.1,269,68.9,104,0.01,163,3.63,100,108.2,111,104.6,96,0.45,178
210,Eastern Kentucky,ASun,17-14,-3.84,107.5,160,111.3,273,69,99,0.016,147,-3.83,279,106.3,185,110.1,358,2.94,108
211,UMKC,Sum,16-16,-3.91,101.4,268,105.3,150,66.7,241,-0.029,260,-3.49,268,106.1,195,109.6,339,0.07,194
212,Mercer,SC,16-17,-3.91,104.8,214,108.7,219,66.3,261,0.035,102,-0.66,181,107,154,107.6,220,-2.32,258
213,Penn,Ivy,18-Nov,-3.95,109.6,124,113.5,322,65.7,289,-0.071,329,1.36,128,107.5,136,106.1,148,2.45,120
214,Stetson,ASun,21-12,-3.95,110.2,107,114.2,333,66.1,271,0.127,6,-3.14,250,105.8,215,108.9,299,4.76,71
215,Georgia St.,SB,14-17,-4.05,106.2,186,110.3,251,68.1,146,-0.019,229,-0.78,184,106.1,192,106.9,182,0.65,170
216,Marist,MAAC,17-12,-4.08,97.6,323,101.7,83,64.9,324,0.005,171,-7.04,341,101.3,345,108.3,270,-7.83,355
217,Tennessee Martin,OVC,21-11,-4.2,107,166,111.2,270,73,8,0.066,45,-6.21,322,102.3,331,108.5,276,2.55,117
218,Abilene Christian,WAC,15-16,-4.21,102.8,245,107,178,68.7,122,0.053,62,-0.31,168,104.8,261,105.1,112,-0.06,200
219,Iona,MAAC,15-16,-4.38,104.6,215,109,226,67.4,195,-0.048,292,-4.77,298,103.4,301,108.2,259,-0.74,219
220,South Alabama,SB,16-16,-4.43,104.9,209,109.4,235,68.4,137,0.043,86,-2.4,230,105.2,246,107.6,219,-5.28,319
221,Rider,MAAC,15-16,-4.51,104.1,225,108.7,217,68,155,-0.004,199,-2.33,227,104.1,289,106.4,157,8.75,19
222,Temple,Amer,19-Nov,-4.64,103.1,244,107.7,196,66.7,244,-0.019,234,1.64,126,107.7,128,106.1,143,-1.82,249
223,Rice,Amer,20-Nov,-4.78,105.9,191,110.7,258,66.2,266,-0.052,297,2.74,108,108.3,108,105.5,125,-0.27,203
224,Radford,BSth,16-17,-4.8,107.9,152,112.6,310,63.7,348,0.018,141,-1.53,203,106.1,194,107.6,222,0.26,185
225,Pepperdine,WCC,13-20,-4.81,106.6,175,111.4,275,67.5,188,-0.087,347,0.48,144,107,153,106.5,162,0.63,171
226,Austin Peay,ASun,19-14,-4.82,108.9,135,113.7,327,64.2,338,0.074,34,-2.83,243,106.3,183,109.2,314,4.17,79
227,Harvard,Ivy,14-13,-4.86,102.4,254,107.2,185,67.6,178,0.075,32,-0.46,173,107.4,138,107.9,241,-2.01,254
228,Milwaukee,Horz,19-14,-5.05,108,149,113.1,316,70.2,55,0.07,38,-3.62,272,105.5,227,109.1,313,1.45,149
229,North Dakota,Sum,18-13,-5.14,105.7,193,110.8,262,66.8,236,0.043,87,-5.32,312,105.4,234,110.7,361,-5.68,329
230,Maine,AE,15-17,-5.14,97.6,322,102.8,100,65.6,293,0.003,176,-2.65,238,104.7,266,107.3,205,-1.17,230
231,Mount St. Mary's,MAAC,13-18,-5.19,103.3,240,108.4,213,69.2,90,-0.123,360,-6.31,326,102,339,108.3,264,-5.7,331
232,Green Bay,Horz,18-14,-5.24,104.2,222,109.5,237,63.9,346,0.07,41,-3.14,251,105.7,219,108.8,296,2.03,130
233,Cal St. Fullerton,BW,14-18,-5.25,100.7,283,105.9,162,66.6,249,0.019,137,0.27,151,106,199,105.8,132,5.56,54
234,North Florida,ASun,16-16,-5.29,107.6,157,112.9,314,67.3,199,-0.007,206,-3.29,257,106.5,175,109.8,348,1.19,154
235,Cal St. Northridge,BW,18-14,-5.34,100.5,290,105.9,161,72.9,9,0.049,69,-3.44,264,104,291,107.4,212,-7.68,354
236,Bowling Green,MAC,19-12,-5.37,102.6,249,108,202,68.1,149,0.064,46,-5.73,316,103.6,296,109.3,326,-5.67,328
237,Florida Gulf Coast,ASun,14-18,-5.38,103.8,232,109.2,230,64,341,-0.054,299,-2.24,223,107.3,142,109.6,338,4.8,70
238,Marshall,SB,13-20,-5.39,101.8,262,107.2,186,70.6,46,-0.013,220,-0.11,162,107,152,107.1,194,1.94,133
239,Norfolk St.,MEAC,21-10,-5.41,103.3,239,108.7,220,66.7,245,0.106,15,-6.63,334,101.5,344,108.2,258,1.77,139
240,Columbia,Ivy,13-14,-5.46,106.9,171,112.3,299,68.8,107,-0.036,276,-2.76,241,104.6,268,107.4,209,-7.88,356
Strength of Schedule,NCSOS,,,,,,,,,,,,,,,,,,,
Rk,Team,Conf,W-L,AdjEM,AdjO,AdjD,AdjT,Luck,AdjEM,OppO,OppD,AdjEM,,,,,,,,
241,North Carolina Central,MEAC,17-12,-5.52,105.4,200,110.9,263,66.6,250,-0.011,215,-7.74,347,100.9,352,108.7,289,0.6,173
242,Montana St.,BSky,14-17,-5.53,102.2,258,107.7,195,68.7,118,-0.024,249,-3.21,254,105.9,206,109.1,310,-0.34,208
243,Southern Miss,SB,16-16,-5.66,101.7,264,107.4,187,68.2,144,0.055,58,-0.79,185,106.1,196,106.9,181,1.17,156
244,Cal St. Bakersfield,BW,13-18,-5.76,101.2,271,107,176,64.8,328,-0.026,253,-1.15,195,105.8,207,107,185,0.18,190
245,Fresno St.,MWC,20-Nov,-5.81,103.8,233,109.6,241,65.6,295,-0.007,209,5.28,90,109.7,92,104.4,94,-3.93,295
246,Albany,AE,13-19,-5.85,105.6,195,111.4,278,73.2,7,-0.079,339,-3.37,261,103.3,303,106.7,171,-3.49,284
247,Portland St.,BSky,17-14,-5.9,100.1,296,106,163,69.2,89,0.045,80,-3.3,258,105.8,213,109.1,312,-0.67,215
248,Nicholls St.,Slnd,18-13,-5.95,104.1,226,110.1,244,66.3,262,0.106,14,-3.26,255,104.7,267,107.9,242,10.05,14
249,San Jose St.,MWC,22-Sep,-6.01,106.3,181,112.3,298,66.1,270,-0.036,273,5.03,94,109.8,90,104.7,102,-3.73,288
250,North Alabama,ASun,15-17,-6.09,106.3,184,112.3,301,68.1,152,0.009,166,-2.96,246,106.4,181,109.3,327,2.15,127
251,Southern Utah,WAC,21-Oct,-6.14,106.5,179,112.6,307,69.8,70,-0.076,335,0.46,147,104.8,258,104.4,93,2.14,129
252,Northeastern,CAA,20-Dec,-6.27,105.6,196,111.8,288,65.9,278,-0.018,227,-1.28,197,106.1,190,107.4,210,1.22,153
253,New Hampshire,AE,16-14,-6.32,100.5,291,106.8,173,71.5,25,0.088,23,-2.98,247,104.4,279,107.4,211,0.09,192
254,UTSA,Amer,19-Nov,-6.39,107.9,150,114.3,335,70.7,40,0.021,131,0.5,143,106.5,177,106,138,-6.8,345
255,Miami OH,MAC,15-16,-6.63,100.5,289,107.2,183,67.2,212,-0.009,213,-3.35,259,104.6,269,108,248,0.98,163
256,Southern,SWAC,18-13,-6.68,97.7,320,104.4,131,67.8,169,0.075,33,-5.84,319,102.2,333,108.1,253,14.94,3
257,Idaho St.,BSky,13-19,-6.75,104,227,110.8,261,64.1,339,-0.067,325,-3.68,274,105.5,230,109.2,315,-1.16,229
258,Nebraska Omaha,Sum,14-17,-6.78,105.3,201,112.1,292,67.6,184,-0.065,322,-3.66,273,106,202,109.6,340,-1.33,236
259,Air Force,MWC,21-Sep,-6.82,106.7,174,113.5,321,62.1,359,-0.05,293,2.45,114,108.3,105,105.9,134,-9.58,359
260,San Diego,WCC,18-15,-7,101.1,275,108.1,204,71.2,31,0.147,3,-0.2,165,107.4,137,107.6,224,-3.92,294
261,The Citadel,SC,21-Nov,-7.06,103.3,237,110.4,254,65.7,290,-0.111,356,-0.3,167,106.9,158,107.2,195,-0.86,222
262,Lehigh,Pat,13-17,-7.27,99.8,298,107.1,179,70.3,52,-0.099,353,-6.73,336,101.8,342,108.5,277,6.85,39
263,Kennesaw St.,ASun,15-16,-7.31,105.8,192,113.1,318,74.3,4,0.019,136,-3.96,281,106.2,189,110.1,357,-0.4,209
264,Niagara,MAAC,15-15,-7.35,104.2,224,111.5,279,67.4,194,0.016,146,-5.67,314,102.1,335,107.8,232,-3.93,296
265,Central Connecticut,NEC,20-11,-7.59,101.3,270,108.9,225,67,224,0.049,70,-10.27,362,99.7,362,110,352,-1.77,248
266,Queens,ASun,14-19,-7.68,104.6,217,112.2,294,72.9,10,0.037,98,-1.23,196,107.6,133,108.9,297,5.53,55
267,Ball St.,MAC,15-16,-7.75,103.3,238,111,267,67,221,-0.025,252,-6.24,324,103.2,305,109.5,335,-5.51,322
268,Western Illinois,OVC,21-12,-7.84,98.3,313,106.2,165,64.9,323,0.121,7,-7.05,342,102.6,318,109.7,343,1.66,141
269,Denver,Sum,16-16,-7.85,109.5,127,117.3,356,70.6,47,0.012,158,-3.47,265,105.8,211,109.3,322,-1.25,232
270,Central Michigan,MAC,18-13,-7.89,97.2,325,105.1,147,65.4,306,0.16,2,-3.51,270,104.7,263,108.2,261,3.05,103
271,North Dakota St.,Sum,15-16,-7.98,104.3,220,112.3,297,66,276,0.08,28,-1.57,204,107.7,130,109.3,324,3.19,96
272,Presbyterian,BSth,14-18,-8.01,103.8,230,111.8,289,67.4,192,-0.021,243,-4.27,286,104.5,273,108.8,294,-7.06,348
273,Jacksonville,ASun,16-17,-8.01,101.6,267,109.6,240,65.8,286,0.043,88,-3.57,271,106.9,157,110.5,360,0.26,186
274,UMBC,AE,21-Nov,-8.29,105.3,202,113.6,324,73.3,6,-0.079,338,-4.83,299,102.4,324,107.3,200,-7.11,349
275,Texas Southern,SWAC,14-15,-8.36,98.2,316,106.6,170,68.2,142,0.018,140,-6.88,339,102.3,329,109.2,317,11.69,8
276,Canisius,MAAC,13-17,-8.4,100.7,284,109.1,228,67.2,208,0.026,118,-2.96,245,104.4,277,107.4,208,5,68
277,Georgia Southern,SB,24-Sep,-8.41,105.4,199,113.8,330,69.1,94,-0.048,291,-0.84,188,105.8,210,106.6,170,-0.62,214
278,Bucknell,Pat,14-18,-8.65,100.6,287,109.2,231,64.9,321,-0.011,216,-6.21,323,102.4,326,108.6,283,2.22,125
279,Oral Roberts,Sum,19-Dec,-8.71,103.9,229,112.6,306,67.8,168,0,185,-0.91,189,107.1,151,108,247,6.9,37
280,Middle Tennessee,CUSA,13-18,-8.8,98.9,306,107.7,194,65.3,309,0.057,55,-0.04,161,105.4,239,105.4,124,0.22,188
Strength of Schedule,NCSOS,,,,,,,,,,,,,,,,,,,
Rk,Team,Conf,W-L,AdjEM,AdjO,AdjD,AdjT,Luck,AdjEM,OppO,OppD,AdjEM,,,,,,,,
281,Binghamton,AE,15-15,-8.94,102.8,246,111.7,286,66.4,257,0.07,40,-3.72,277,103.3,304,107,188,-3.89,293
282,Howard,MEAC,15-16,-9.16,105.4,198,114.6,338,68,160,0,184,-6.54,331,101.2,347,107.8,234,0.03,197
283,FIU,CUSA,21-Oct,-9.16,101.8,261,111,265,70.6,45,-0.019,231,-1.31,199,104.7,265,106,142,-2.88,271
284,Utah Tech,WAC,20-Nov,-9.22,100.2,294,109.4,236,70.5,48,0.042,89,0.27,152,105.3,241,105.1,113,0.62,172
285,Grambling St.,SWAC,17-14,-9.31,99.3,303,108.6,216,65.2,311,0.112,12,-5.09,305,102,337,107.1,191,14.63,5
286,New Mexico St.,CUSA,13-18,-9.31,99.7,299,109,227,66.4,260,0.067,44,2.54,112,106.7,162,104.2,90,6.88,38
287,SIU Edwardsville,OVC,17-16,-9.54,101.7,263,111.3,271,67.3,204,0.015,149,-6.72,335,102.5,322,109.2,321,0.93,164
288,Old Dominion,SB,25-Jul,-9.69,99.5,300,109.2,229,70.2,56,-0.086,345,0.02,158,106.7,160,106.7,175,1.8,138
289,USC Upstate,BSth,20-Oct,-9.7,100.6,288,110.3,249,67.3,203,0.02,134,-0.47,175,107.2,145,107.7,225,3.1,102
290,Alcorn St.,SWAC,14-17,-9.73,107.5,161,117.2,355,66.6,252,0.061,49,-3.5,269,103.5,299,107,187,14.9,4
291,Tennessee St.,OVC,18-15,-9.86,99.4,302,109.2,232,68.6,124,0.036,100,-6.79,338,102.6,320,109.4,332,1.19,155
292,Boston University,Pat,16-16,-10.08,98.7,309,108.7,221,66,275,0.019,138,-8.25,351,100.2,358,108.5,279,-2.38,260
293,Southeastern Louisiana,Slnd,15-16,-10.09,100.1,295,110.2,246,64.9,322,,,,,,,,,,
294,Sacred Heart,NEC,16-16,-10.2,102.4,253,112.6,308,69.4,82,-0.028,256,-9.88,360,100,361,109.9,349,-4.22,301
295,South Carolina St.,MEAC,14-17,-10.27,100.3,293,110.5,256,68.8,110,0.038,94,-4.69,295,103.1,308,107.8,237,3.98,84
296,American,Pat,16-16,-10.3,104,228,114.3,334,63,355,-0.006,204,-9.48,359,100.3,357,109.7,344,-4.89,312
297,Louisiana Monroe,SB,19-Nov,-10.38,100.6,286,111,266,67.4,198,0.027,113,-0.35,170,105.6,225,105.9,135,2.14,128
298,Western Michigan,MAC,19-Dec,-10.55,101,277,111.5,280,68.6,123,0.018,139,-3.39,262,104.4,281,107.8,236,1.13,157
299,Valparaiso,MVC,25-Jul,-10.67,100.7,285,111.4,274,68.1,147,-0.016,223,2.73,109,107.7,125,105,111,-4.49,308
300,Portland,WCC,21-Dec,-10.83,103.8,231,114.7,340,67.7,175,0.052,63,2,123,108.1,116,106.1,144,0.01,198
301,Le Moyne,NEC,15-17,-10.95,100.4,292,111.4,276,67.4,196,-0.055,300,-8.7,354,100.4,356,109.1,311,-0.87,223
302,Wagner,NEC,15-15,-11.12,96,334,107.2,184,61.6,360,0.013,153,-8.79,355,100.5,355,109.3,323,-1.5,242
303,Chicago St.,ind,18-Dec,-11.18,99.1,304,110.3,250,64.7,330,0.046,77,-1.4,201,105.6,224,107,184,-1.4,239
304,Jackson St.,SWAC,15-16,-11.53,101,276,112.5,304,68.8,113,0.102,17,-6.41,328,102.8,315,109.2,319,7.32,32
305,Delaware St.,MEAC,13-17,-11.53,96,335,107.5,191,68.9,102,-0.001,194,-6.99,340,102,338,109,304,-0.85,221
306,Northern Illinois,MAC,20-Nov,-11.6,102.3,255,113.9,331,68.2,141,0.041,90,-0.13,163,107.2,149,107.3,203,7.4,30
307,Robert Morris,Horz,22-Oct,-11.67,102,260,113.6,325,67.2,209,-0.097,352,-2.89,244,106.1,197,108.9,300,-0.73,218
308,Campbell,CAA,14-18,-12.17,101.1,274,113.2,319,66.8,240,0.03,108,-4.94,301,104.7,264,109.7,341,-6.52,342
309,Northern Arizona,BSky,14-19,-12.21,99.5,301,111.7,285,68.5,129,0.095,19,-2.6,236,105.8,209,108.4,274,-0.1,201
310,Bethune Cookman,SWAC,16-15,-12.42,97.9,318,110.4,253,69.8,71,0.086,25,-8.68,353,100.1,359,108.8,295,0.24,187
311,Alabama St.,SWAC,13-18,-12.55,93.7,350,106.2,167,67.5,189,-0.001,191,-6.08,321,102.3,328,108.4,271,12.19,7
312,Coastal Carolina,SB,22-Sep,-12.59,100,297,112.6,309,69.6,74,0.003,175,-2.21,221,105.5,226,107.8,231,-5.09,316
313,Bellarmine,ASun,23-Aug,-12.81,100.9,280,113.7,328,65.1,316,-0.058,305,0.01,159,108.6,101,108.6,284,8.59,20
314,DePaul,BE,28-Mar,-12.97,101.6,266,114.6,339,67.9,163,-0.011,217,12.19,9,113.2,10,101.1,8,1.01,160
315,Charleston Southern,BSth,20-Oct,-13,95.8,337,108.8,223,67.1,220,0.044,83,0.5,142,107.7,126,107.2,198,5.98,49
316,Elon,CAA,13-19,-13.2,102.2,257,115.4,347,67.6,182,0.05,66,-4.49,290,105.3,245,109.8,346,-2.17,256
317,Lafayette,Pat,21-Nov,-13.41,94.1,346,107.5,189,65.4,305,-0.028,257,-5.67,315,103.1,309,108.8,292,3.04,104
318,William & Mary,CAA,23-Oct,-13.54,101,278,114.5,336,66,273,-0.062,318,-4.62,294,104.7,262,109.4,329,-5.69,330
319,Sacramento St.,BSky,23-Sep,-13.58,98.4,312,112,291,64,340,-0.007,208,-1.8,210,106.4,180,108.2,260,2.83,113
320,Eastern Illinois,OVC,14-18,-13.59,96.6,331,110.2,245,66.9,233,0.008,169,-6.24,325,102.1,336,108.3,267,4.14,81
,,,,,,Strength of Schedule,NCSOS,,,,,,,,,,,,,
Rk,Team,Conf,W-L,AdjEM,AdjO,AdjD,AdjT,Luck,AdjEM,OppO,OppD,AdjEM,,,,,,,,
321,Idaho,BSky,21-Nov,-13.75,98.8,307,112.5,305,65.2,313,-0.019,232,-3.68,275,105.4,240,109.1,309,-2.38,261
322,South Dakota,Sum,20-Dec,-13.8,103.3,236,117.1,354,68.8,106,0.01,164,-4.27,287,105.2,248,109.5,334,-4.31,306
323,Northwestern St.,Slnd,22-Sep,-13.95,98.5,311,112.4,302,67.6,179,-0.086,344,-4.51,291,104,290,108.5,281,3.13,101
324,Navy,Pat,13-18,-14.26,97.2,326,111.4,277,65.7,292,-0.02,238,-9.88,361,100,360,109.9,350,-6,334
325,Eastern Michigan,MAC,13-18,-14.95,97.2,327,112.1,293,65.5,300,0.09,20,-5.07,304,104.2,285,109.3,325,-3.6,286
326,Fairleigh Dickinson,NEC,15-17,-15.42,98.3,315,113.8,329,72.3,16,0.086,24,-9.17,357,100.6,354,109.8,347,-4.79,310
327,Southern Indiana,OVC,24-Aug,-15.8,96.5,332,112.3,296,69.2,91,-0.082,341,-5.17,308,103.2,306,108.4,272,5.44,59
328,Texas A&M Commerce,Slnd,19-Dec,-15.86,95.8,338,111.7,284,66.4,258,0.055,59,-3.16,253,105.4,233,108.6,285,10.46,11
329,UT Rio Grande Valley,WAC,25-Jun,-16.31,95.9,336,112.3,295,71.5,26,-0.001,188,0.72,141,105.7,217,105,108,0.73,167
330,Alabama A&M,SWAC,21-Oct,-16.32,93.8,347,110.2,247,70.5,49,0.028,112,-6.58,332,102.4,325,109,305,4.56,73
331,Morgan St.,MEAC,19-Nov,-16.51,98.5,310,115,343,70.9,36,0.014,150,-5.24,310,103.1,312,108.3,266,3.13,100
332,Tennessee Tech,OVC,21-Oct,-16.57,96.7,330,113.3,320,65.8,287,-0.039,281,-4.94,302,103.7,295,108.7,288,2.8,115
333,Prairie View A&M,SWAC,21-Oct,-16.97,94.9,343,111.9,290,70.8,37,0.013,154,-5.4,313,102.9,313,108.3,269,8.11,23
334,Dartmouth,Ivy,21-Jun,-17,93.5,351,110.5,255,65.4,307,0.004,173,0.87,139,108.1,114,107.3,199,-0.87,224
335,NJIT,AE,21-Jul,-17.06,97.7,321,114.7,342,66.4,259,0.026,117,-2.79,242,103.9,293,106.7,173,-2.51,264
336,Arkansas Pine Bluff,SWAC,13-18,-17.1,102.4,251,119.5,361,72,19,0.044,82,-7.9,350,101.2,348,109.1,307,10.4,12
337,Cal Poly,BW,28-Apr,-17.59,95.3,342,112.9,312,65.9,280,-0.009,211,-0.79,186,106,198,106.8,179,-1.1,228
338,Manhattan,MAAC,22-Jul,-17.66,95.4,341,113.1,317,68.6,128,-0.006,205,-3.41,263,103.3,302,106.7,174,2.88,110
339,Central Arkansas,ASun,23-Sep,-17.69,97.7,319,115.4,346,69.4,81,0.022,126,-4.52,292,105.6,223,110.1,356,-3.52,285
340,Hampton,CAA,24-Sep,-18.09,94.9,344,112.9,315,69.8,68,0,186,-4.15,283,105.4,235,109.6,337,-3.85,292
341,Florida A&M,SWAC,23-Jun,-18.21,93.5,352,111.7,283,68.5,130,-0.04,283,-3.76,278,103.5,300,107.2,197,18.71,1
342,New Orleans,Slnd,22-Sep,-18.43,98.3,314,116.8,351,72.2,17,-0.041,285,-3.37,260,104.2,284,107.6,223,7.46,28
343,Incarnate Word,Slnd,23-Aug,-18.56,97.1,328,115.7,349,70.1,59,-0.009,212,-6.4,327,102.8,314,109.2,320,-3.06,277
344,LIU,NEC,22-Jul,-18.77,93.7,349,112.5,303,70.5,50,-0.001,192,-5.79,318,101.9,340,107.7,229,2.19,126
345,Army,Pat,22-Oct,-18.96,91.3,357,110.2,248,63.2,353,-0.052,295,-9.26,358,101,351,110.2,359,-5.57,325
346,North Carolina A&T,CAA,25-Jul,-19.34,96.5,333,115.8,350,67.8,166,0.045,81,-2.22,222,105.5,229,107.7,228,1.5,147
347,Buffalo,MAC,27-Apr,-19.62,95.5,340,115.2,345,69.3,86,-0.017,225,-2.25,224,105.8,214,108,250,1,162
348,Holy Cross,Pat,23-Oct,-19.72,101.2,273,120.9,362,65.9,277,0.017,142,-7.75,348,100.9,353,108.6,286,-3.79,289
349,Maryland Eastern Shore,MEAC,19-Sep,-20.13,89.1,360,109.3,233,67,226,0.012,159,-4.76,297,103.2,307,108,245,4.64,72
350,Loyola MD,Pat,25-Jul,-20.27,93.7,348,114,332,65.9,279,-0.008,210,-6.51,330,102.4,323,109,301,0.33,181
351,Detroit Mercy,Horz,31-Jan,-20.73,97.1,329,117.8,357,67,223,-0.068,326,-0.57,177,107.7,132,108.2,262,5.47,57
352,Southeast Missouri St.,OVC,22-Sep,-21.17,91.7,356,112.9,313,69.3,85,0.016,145,-5.22,309,103.1,311,108.3,265,2.96,107
353,Houston Christian,Slnd,23-Jun,-21.82,97.3,324,119.1,360,71.5,24,-0.005,202,-2.5,232,105.3,242,107.8,235,12.35,6
354,VMI,SC,28-Apr,-21.96,89.6,359,111.5,282,74.9,2,-0.06,314,0.16,154,107.7,129,107.5,216,-2.78,269
355,Saint Francis,NEC,22-Aug,-22.27,94.8,345,117.1,353,65.6,296,0.021,130,-7.43,345,101.3,346,108.7,291,-0.32,206
356,Lindenwood,OVC,22-Sep,-22.39,92.2,354,114.6,337,67.3,206,0.024,122,-7.05,343,101.9,341,109,303,-1.75,247
357,Pacific,WCC,26-Jun,-22.94,95.7,339,118.6,359,68.4,135,-0.014,221,-0.18,164,106.5,176,106.7,172,-5.08,315
358,Stonehill,NEC,27-Apr,-22.96,92.1,355,115.1,344,67.8,170,-0.078,337,-5.14,307,102.6,319,107.8,233,4.08,82
359,Siena,MAAC,27-Apr,-23.08,90.6,358,113.7,326,66.1,267,-0.001,190,-3.47,266,104.1,286,107.6,218,-0.44,211
360,Coppin St.,MEAC,26-Feb,-25.35,86.4,361,111.7,287,66.3,263,-0.062,319,-5.32,311,103.1,310,108.4,273,0.67,169
,,,,,,Strength of Schedule,NCSOS,,,,,,,,,,,,,
Rk,Team,Conf,W-L,AdjEM,AdjO,AdjD,AdjT,Luck,AdjEM,OppO,OppD,AdjEM,,,,,,,,
361,IUPUI,Horz,26-Jun,-25.71,92.5,353,118.2,358,67.6,181,-0.019,235,-3.16,252,106.5,173,109.7,342,-4.25,303
362,Mississippi Valley St.,SWAC,30-Jan,-31.2,85.7,362,116.9,352,64.8,326,-0.06,312,-2.38,229,104.6,270,107,186,15.38,2