Team,,Record,,&Delta;,Rat,,Pwr,,Off,,Def,,HFA,SoS,,SSF,,EW,EL
South Carolina,Southeastern,31-0,1.000,,1,9.78,1,79.97,2,107.16,1,37.98,2.69,4,57.95,3,58.50,0.75,0.25
Connecticut,Big East,27-5,0.844,-1,3,8.91,2,74.57,4,105.42,4,34.32,2.69,12,56.94,12,56.95,0.89,0.11
Stanford,Pac 12,28-4,0.875,-1,4,8.91,3,73.10,5,103.63,3,34.64,2.63,14,56.64,13,56.92,0.74,0.26
Iowa,Big 10,28-4,0.875,+2,2,8.92,4,72.08,1,113.86,109,23.38,2.53,2,58.49,2,58.59,0.76,0.24
Texas,Big 12,28-4,0.875,+1,5,8.79,5,71.59,8,102.85,5,33.92,2.62,31,54.47,33,54.47,0.00,0.00
LSU,Southeastern,28-4,0.875,+2,6,8.73,6,70.05,3,106.15,34,29.07,2.60,38,53.90,26,54.97,0.25,0.75
UCLA,Pac 12,25-6,0.806,,7,8.73,7,69.10,18,100.86,6,33.42,2.63,1,58.95,1,58.95,0.00,0.00
Notre Dame,Atlantic Coast,25-6,0.806,+2,10,8.64,8,68.50,14,102.14,13,31.53,2.70,9,57.30,7,57.68,0.52,0.48
Indiana,Big 10,24-5,0.828,-2,11,8.61,9,67.98,13,102.18,20,30.97,2.76,20,55.96,20,55.96,0.00,0.00
Ohio St,Big 10,25-5,0.833,-3,8,8.67,10,67.91,7,102.88,29,30.20,2.71,8,57.48,9,57.48,0.00,0.00
NC State,Atlantic Coast,27-5,0.844,+1,9,8.65,11,67.88,19,100.20,7,32.84,2.67,16,56.19,15,56.63,0.48,0.52
Utah,Pac 12,22-10,0.688,-1,19,8.36,12,66.34,10,102.59,37,28.92,2.77,10,57.20,10,57.20,0.00,0.00
Baylor,Big 12,24-7,0.774,-1,16,8.39,13,66.26,22,99.36,11,32.08,2.73,30,54.54,32,54.54,0.00,0.00
Colorado,Pac 12,22-9,0.710,,17,8.39,14,65.46,20,100.05,26,30.58,2.69,5,57.87,6,57.87,0.00,0.00
Virginia Tech,Atlantic Coast,24-7,0.774,-2,13,8.45,15,65.16,24,98.83,15,31.50,2.73,17,56.19,17,56.19,0.00,0.00
Duke,Atlantic Coast,20-11,0.645,-1,23,8.22,16,64.67,58,93.42,2,36.42,2.71,13,56.80,14,56.80,0.00,0.00
USC,Pac 12,25-5,0.833,+1,12,8.58,17,64.63,27,98.30,14,31.50,2.63,7,57.55,5,58.09,0.26,0.74
Louisville,Atlantic Coast,24-9,0.727,-2,21,8.30,18,64.32,23,98.86,25,30.63,2.70,23,55.76,23,55.76,0.00,0.00
Tennessee,Southeastern,19-12,0.613,+2,24,8.19,19,64.25,16,101.37,46,28.05,2.73,3,58.11,4,58.11,0.00,0.00
Maryland,Big 10,19-13,0.594,+1,28,8.13,20,63.80,9,102.72,60,26.25,2.82,6,57.60,8,57.60,0.00,0.00
Oregon St,Pac 12,24-7,0.774,+1,15,8.41,21,63.50,36,96.72,12,31.95,2.62,15,56.59,16,56.59,0.00,0.00
Iowa St,Big 12,19-10,0.655,+2,29,8.11,22,63.29,17,100.94,51,27.52,2.80,25,55.37,25,55.37,0.00,0.00
Kansas St,Big 12,25-6,0.806,+2,18,8.37,23,62.85,44,95.92,10,32.10,2.73,26,54.69,28,54.69,0.00,0.00
Michigan St,Big 10,22-8,0.733,-2,27,8.15,24,62.75,11,102.53,74,25.40,2.69,43,53.33,43,53.33,0.00,0.00
Gonzaga,West Coast,29-2,0.935,,14,8.42,25,62.57,21,99.54,43,28.21,2.65,77,47.82,77,47.82,0.00,0.00
Oklahoma,Big 12,22-8,0.733,+1,22,8.24,26,62.57,6,103.42,90,24.33,2.61,22,55.88,22,55.88,0.00,0.00
West Virginia,Big 12,24-7,0.774,-1,25,8.17,27,62.18,40,96.32,18,31.03,2.73,57,51.70,57,51.70,0.00,0.00
Creighton,Big East,25-4,0.862,+1,20,8.33,28,61.83,26,98.37,40,28.63,2.62,52,52.51,53,52.31,0.88,0.12
North Carolina,Atlantic Coast,19-12,0.613,-2,32,8.06,29,61.71,46,95.62,17,31.26,2.83,18,56.03,18,56.03,0.00,0.00
Mississippi,Southeastern,23-8,0.742,+2,26,8.15,30,61.60,55,94.18,9,32.60,2.62,41,53.41,41,53.41,0.00,0.00
Arizona,Pac 12,17-15,0.531,+1,36,7.95,31,61.34,30,97.59,36,28.93,2.69,11,57.08,11,57.08,0.00,0.00
Washington St,Pac 12,18-14,0.563,-3,37,7.95,32,61.21,51,94.95,16,31.44,2.65,19,55.97,19,55.97,0.00,0.00
Nebraska,Big 10,22-10,0.688,+4,31,8.07,33,60.77,39,96.44,33,29.50,2.81,32,54.26,27,54.78,0.24,0.76
Michigan,Big 10,20-13,0.606,+3,38,7.92,34,60.16,52,94.83,27,30.50,2.70,35,54.16,36,54.16,0.00,0.00
Kansas,Big 12,19-12,0.613,+1,35,8.00,35,60.16,47,95.51,32,29.82,2.74,21,55.88,21,55.88,0.00,0.00
Florida St,Atlantic Coast,23-10,0.697,-1,33,8.05,36,59.72,15,102.11,119,22.78,2.84,27,54.68,29,54.68,0.00,0.00
Alabama,Southeastern,23-9,0.719,-1,34,8.01,37,59.66,37,96.71,44,28.12,2.66,53,52.44,52,52.44,0.00,0.00
Mississippi St,Southeastern,21-11,0.656,-4,47,7.80,38,58.36,29,98.10,73,25.43,2.69,63,51.31,63,51.31,0.00,0.00
Marquette,Big East,23-7,0.767,,39,7.91,39,58.20,56,93.55,31,29.82,2.75,74,49.12,70,49.99,0.11,0.89
Penn St,Big 10,19-12,0.613,+4,42,7.83,40,58.09,12,102.52,160,20.74,2.78,36,53.99,37,53.99,0.00,0.00
Oklahoma St,Big 12,14-16,0.467,-2,54,7.63,41,57.85,49,95.43,50,27.60,2.77,34,54.18,35,54.18,0.00,0.00
Syracuse,Atlantic Coast,23-7,0.767,-3,30,8.07,42,57.73,32,97.40,72,25.51,2.74,44,53.31,44,53.31,0.00,0.00
Miami FL,Atlantic Coast,19-12,0.613,-4,46,7.81,43,57.57,73,91.77,19,30.98,2.69,49,52.78,49,52.78,0.00,0.00
Texas A&M,Southeastern,19-12,0.613,,44,7.81,44,57.55,74,91.76,21,30.97,2.77,46,53.08,46,53.08,0.00,0.00
Washington,Pac 12,16-14,0.533,,49,7.74,45,57.17,103,89.70,8,32.64,2.68,28,54.61,30,54.61,0.00,0.00
Villanova,Big East,18-12,0.600,,51,7.68,46,57.10,79,91.55,23,30.72,2.59,62,51.41,62,51.41,0.00,0.00
MTSU,Conference USA,27-4,0.871,,45,7.81,47,56.83,72,91.79,28,30.22,2.72,107,41.93,108,41.93,0.00,0.00
Auburn,Southeastern,20-11,0.645,+5,43,7.81,48,56.67,84,91.19,24,30.66,2.74,48,52.81,48,52.81,0.00,0.00
Princeton,Ivy League,23-4,0.852,-3,41,7.90,49,56.65,87,90.91,22,30.91,2.59,83,45.38,84,45.38,0.00,0.00
S Dakota St,Summit Lg,25-5,0.833,,50,7.73,50,55.83,57,93.50,52,27.50,2.79,98,42.87,97,42.87,0.00,0.00
Illinois,Big 10,14-15,0.483,,61,7.56,51,55.41,43,96.00,85,24.58,2.63,39,53.72,39,53.72,0.00,0.00
UNLV,Mountain West,27-2,0.931,,40,7.90,52,55.20,41,96.27,92,24.11,2.63,105,42.01,106,42.01,0.00,0.00
Oregon,Pac 12,11-21,0.344,,69,7.42,53,55.04,78,91.56,39,28.65,2.91,24,55.67,24,55.67,0.00,0.00
Arkansas,Southeastern,18-14,0.563,-6,59,7.57,54,54.89,50,95.20,80,24.87,2.83,59,51.60,59,51.60,0.00,0.00
Virginia,Atlantic Coast,15-15,0.500,-3,63,7.54,55,54.72,42,96.26,102,23.63,2.71,42,53.40,42,53.40,0.00,0.00
Vanderbilt,Southeastern,22-9,0.710,-1,48,7.78,56,54.53,76,91.61,45,28.10,2.65,65,51.12,65,51.12,0.00,0.00
Georgia Tech,Atlantic Coast,17-15,0.531,+3,60,7.56,57,54.45,68,92.32,55,27.30,2.71,51,52.66,51,52.66,0.00,0.00
Florida,Southeastern,16-15,0.516,+1,58,7.57,58,54.43,34,97.20,130,22.41,2.67,40,53.53,40,53.53,0.00,0.00
California,Pac 12,18-14,0.563,+4,52,7.66,59,53.97,61,93.15,65,25.99,2.63,29,54.56,31,54.56,0.00,0.00
Georgia,Southeastern,12-18,0.400,-2,74,7.35,60,53.96,97,90.19,35,28.94,2.74,47,52.84,47,52.84,0.00,0.00
Purdue,Big 10,13-18,0.419,+3,68,7.43,61,53.89,62,92.90,62,26.16,2.68,37,53.90,38,53.90,0.00,0.00
FGCU,Atlantic Sun,27-4,0.871,-2,56,7.61,62,53.79,67,92.42,58,26.54,2.62,176,38.53,174,38.53,0.00,0.00
TCU,Big 12,20-11,0.645,+1,57,7.58,63,53.72,82,91.41,53,27.48,2.73,73,49.40,74,49.40,0.00,0.00
Columbia,Ivy League,22-5,0.815,+2,55,7.62,64,53.51,38,96.50,136,22.18,2.60,90,43.59,90,43.59,0.00,0.00
Drake,Missouri Val,26-5,0.839,+2,53,7.64,65,52.87,28,98.14,186,19.90,2.70,89,43.74,89,43.74,0.00,0.00
Seton Hall,Big East,17-14,0.548,+1,72,7.41,66,52.68,80,91.53,59,26.33,2.67,72,49.50,73,49.50,0.00,0.00
WI Green Bay,Horizon,25-6,0.806,+3,67,7.45,67,52.43,98,89.99,49,27.62,2.65,132,40.47,134,40.36,0.87,0.13
Boston College,Atlantic Coast,14-19,0.424,+4,77,7.31,68,52.41,54,94.70,114,22.88,2.82,56,52.03,56,52.03,0.00,0.00
Missouri,Southeastern,11-19,0.367,-3,83,7.22,69,52.08,59,93.35,98,23.91,2.75,54,52.30,54,52.30,0.00,0.00
Texas Tech,Big 12,17-16,0.515,+3,73,7.36,70,52.04,88,90.56,57,26.66,2.76,67,50.09,67,50.09,0.00,0.00
Minnesota,Big 10,16-15,0.516,-4,71,7.42,71,51.96,66,92.43,82,24.71,2.72,58,51.65,58,51.65,0.00,0.00
Clemson,Atlantic Coast,12-19,0.387,-2,81,7.22,72,51.85,60,93.31,101,23.71,2.73,61,51.57,61,51.57,0.00,0.00
South Florida,American Athletic,18-13,0.581,+4,90,7.17,73,51.23,119,88.00,41,28.41,2.64,86,44.14,86,43.97,0.82,0.18
Belmont,Missouri Val,24-7,0.774,-2,66,7.50,74,51.09,93,90.30,66,25.97,2.67,85,44.45,85,44.45,0.00,0.00
BYU,Big 12,16-16,0.500,-1,76,7.31,75,50.70,96,90.20,71,25.67,2.79,66,50.72,66,50.72,0.00,0.00
Toledo,Mid-American,25-4,0.862,+1,64,7.53,76,50.68,83,91.37,87,24.48,2.63,122,41.02,122,41.02,0.00,0.00
Richmond,Atlantic 10,28-5,0.848,,62,7.55,77,50.49,63,92.85,118,22.81,2.69,101,42.52,100,42.71,0.55,0.45
DePaul,Big East,12-20,0.375,-1,107,7.02,78,50.19,31,97.53,226,17.83,2.76,75,48.63,75,48.63,0.00,0.00
Northern Iowa,Missouri Val,15-14,0.517,+1,100,7.09,79,49.55,64,92.53,135,22.19,2.77,81,45.69,82,45.69,0.00,0.00
Ball St,Mid-American,27-4,0.871,+3,65,7.50,80,49.47,77,91.58,111,23.06,2.65,123,40.97,123,40.97,0.00,0.00
St John's,Big East,17-14,0.548,-5,88,7.19,81,49.42,149,86.25,42,28.34,2.69,79,46.92,79,46.92,0.00,0.00
Kentucky,Southeastern,12-20,0.375,+4,94,7.15,82,49.26,65,92.52,140,21.91,2.74,50,52.67,50,52.67,0.00,0.00
St Joseph's PA,Atlantic 10,26-5,0.839,-4,70,7.42,83,49.15,137,86.69,48,27.64,2.61,124,40.80,124,40.80,0.00,0.00
Arizona St,Pac 12,11-20,0.355,+1,91,7.17,84,49.14,95,90.21,93,24.10,2.80,33,54.25,34,54.25,0.00,0.00
Houston,Big 12,14-16,0.467,-5,89,7.19,85,49.08,91,90.34,97,23.91,2.84,68,50.06,68,50.06,0.00,0.00
UCF,Big 12,12-17,0.414,-4,99,7.10,86,48.90,122,87.82,61,26.25,2.68,70,49.73,71,49.73,0.00,0.00
Rhode Island,Atlantic 10,21-13,0.618,+8,102,7.06,87,48.88,151,86.13,47,27.92,2.68,108,41.91,105,42.18,0.45,0.55
Wake Forest,Atlantic Coast,7-25,0.219,+7,121,6.91,88,48.69,145,86.51,54,27.35,2.77,45,53.17,45,53.17,0.00,0.00
Cleveland St,Horizon,28-4,0.875,+2,75,7.33,89,48.41,85,91.02,124,22.57,2.66,204,37.14,206,37.04,0.85,0.15
Santa Clara,West Coast,24-7,0.774,,78,7.30,90,48.20,99,89.91,106,23.47,2.63,106,42.01,107,42.01,0.00,0.00
Marshall,Sun Belt,24-6,0.800,+4,87,7.20,91,48.12,35,96.74,262,16.56,2.68,164,38.92,160,39.06,0.64,0.36
Harvard,Ivy League,16-11,0.593,-1,104,7.06,92,48.01,89,90.50,120,22.69,2.74,92,43.42,98,42.84,0.99,0.01
Georgetown,Big East,21-10,0.677,+2,80,7.27,93,47.94,204,83.12,30,30.00,2.68,84,45.16,81,45.69,0.12,0.88
Temple,American Athletic,19-11,0.633,+4,101,7.08,94,47.80,105,89.57,108,23.40,2.63,96,42.93,96,42.93,0.00,0.00
Wisconsin,Big 10,13-16,0.448,-10,95,7.15,95,47.17,133,87.16,77,25.18,2.78,60,51.58,60,51.58,0.00,0.00
Missouri St,Missouri Val,21-8,0.724,-7,97,7.13,96,47.15,121,87.86,88,24.47,2.71,127,40.70,127,40.70,0.00,0.00
Portland,West Coast,19-12,0.613,+1,108,7.01,97,47.00,115,88.39,100,23.78,2.66,103,42.24,104,42.24,0.00,0.00
North Texas,American Athletic,23-7,0.767,+4,85,7.21,98,46.90,69,92.08,181,19.99,2.69,119,41.22,119,41.22,0.00,0.00
Rice,American Athletic,15-14,0.517,-6,117,6.94,99,46.87,107,89.55,125,22.50,2.64,87,43.98,87,43.87,0.67,0.33
VCU,Atlantic 10,26-5,0.839,-5,79,7.28,100,46.55,207,82.94,38,28.78,2.66,156,39.14,157,39.14,0.00,0.00
Cincinnati,Big 12,14-17,0.452,+4,92,7.16,101,46.34,142,86.56,79,24.95,2.56,55,52.12,55,52.12,0.00,0.00
Colorado St,Mountain West,19-10,0.655,+7,115,6.94,102,46.26,110,89.34,138,22.09,2.75,145,39.60,145,39.57,0.71,0.29
George Mason,Atlantic 10,23-7,0.767,-9,96,7.14,103,46.10,132,87.23,95,24.04,2.68,137,40.25,136,40.25,0.00,0.00
East Carolina,American Athletic,16-13,0.552,-1,116,6.94,104,45.98,131,87.35,99,23.80,2.78,91,43.42,91,43.50,0.51,0.49
Tulsa,American Athletic,23-8,0.742,+4,84,7.21,105,45.85,90,90.43,169,20.58,2.74,94,43.20,93,43.20,0.00,0.00
Wyoming,Mountain West,16-13,0.552,-4,122,6.91,106,45.77,173,84.90,64,26.04,2.76,99,42.75,99,42.75,0.00,0.00
Memphis,American Athletic,13-16,0.448,-3,123,6.91,107,45.73,113,89.24,144,21.67,2.73,80,46.65,80,46.63,0.49,0.51
Jackson St,Southwestern AC,23-6,0.793,-3,105,7.04,108,45.65,120,87.98,116,22.85,2.67,233,35.85,232,35.85,0.00,0.00
Stony Brook,Coastal,25-3,0.893,+6,93,7.15,109,45.58,104,89.66,153,21.09,2.70,262,34.14,263,34.14,0.00,0.00
SMU,American Athletic,14-16,0.467,-10,136,6.81,110,45.53,101,89.74,156,20.96,2.75,88,43.75,88,43.75,0.00,0.00
Grand Canyon,Western Athletic,24-7,0.774,-6,106,7.02,111,45.28,164,85.25,76,25.20,2.70,203,37.21,203,37.21,0.00,0.00
SF Austin,Western Athletic,20-11,0.645,-4,133,6.82,112,45.20,70,91.92,208,18.45,2.79,187,37.98,188,37.98,0.00,0.00
Davidson,Atlantic 10,18-8,0.692,-3,110,7.00,113,45.16,180,84.60,69,25.73,2.66,135,40.37,133,40.37,0.00,0.00
Troy,Sun Belt,19-11,0.633,-8,120,6.91,114,45.14,25,98.75,339,11.56,2.71,115,41.42,115,41.42,0.00,0.00
Illinois St,Missouri Val,20-10,0.667,-1,109,7.00,115,45.06,106,89.57,166,20.67,2.72,118,41.32,118,41.32,0.00,0.00
Murray St,Missouri Val,19-10,0.655,-3,119,6.93,116,44.96,33,97.37,324,12.77,2.65,126,40.74,126,40.74,0.00,0.00
James Madison,Sun Belt,22-10,0.688,+2,111,6.99,117,44.85,112,89.31,162,20.72,2.63,131,40.55,130,40.46,0.71,0.29
Pittsburgh,Atlantic Coast,8-24,0.250,-5,142,6.71,118,44.83,143,86.56,107,23.44,2.69,69,50.06,69,50.06,0.00,0.00
Providence,Big East,13-20,0.394,+5,131,6.82,119,44.74,185,84.14,68,25.78,2.70,78,47.18,78,47.18,0.00,0.00
Rutgers,Big 10,8-24,0.250,-5,146,6.68,120,44.69,108,89.44,174,20.42,2.81,71,49.52,72,49.52,0.00,0.00
N Dakota St,Summit Lg,20-10,0.667,+3,114,6.95,121,44.66,81,91.48,213,18.35,2.82,125,40.77,125,40.77,0.00,0.00
Northern Arizona,Big Sky,23-8,0.742,+1,103,7.06,122,44.56,53,94.76,294,14.97,2.73,130,40.59,131,40.41,0.76,0.24
Cal Baptist,Western Athletic,26-3,0.897,+11,82,7.22,123,44.54,45,95.63,307,14.09,2.67,207,37.05,205,37.05,0.00,0.00
E Washington,Big Sky,26-5,0.839,-1,98,7.12,124,44.53,150,86.14,103,23.56,2.55,206,37.06,213,36.82,0.89,0.11
Kent,Mid-American,18-10,0.643,-3,126,6.87,125,44.51,109,89.42,177,20.27,2.76,143,39.63,143,39.63,0.00,0.00
Northwestern,Big 10,9-21,0.300,+4,134,6.81,126,44.48,86,90.93,201,18.72,2.78,64,51.23,64,51.23,0.00,0.00
South Dakota,Summit Lg,20-11,0.645,,127,6.85,127,44.45,128,87.45,137,22.17,2.76,160,39.06,166,38.90,0.77,0.23
Charlotte,American Athletic,16-14,0.533,-6,130,6.84,128,44.30,139,86.65,117,22.82,2.75,97,42.93,95,42.95,0.52,0.48
Montana,Big Sky,21-8,0.724,+2,112,6.97,129,44.27,92,90.33,197,19.11,2.71,150,39.29,152,39.25,0.67,0.33
New Mexico,Mountain West,21-10,0.677,+6,124,6.87,130,44.16,134,87.10,133,22.24,2.72,183,38.31,183,38.31,0.00,0.00
Tulane,American Athletic,11-19,0.367,+4,158,6.58,131,43.99,136,86.82,132,22.34,2.79,100,42.62,101,42.69,0.48,0.52
Butler,Big East,14-16,0.467,-4,129,6.84,132,43.70,172,84.93,96,23.95,2.60,82,45.65,83,45.65,0.00,0.00
UC Irvine,Big West,21-8,0.724,+6,128,6.85,133,43.45,199,83.46,78,25.16,2.64,212,36.85,212,36.85,0.00,0.00
Fairfield,Metro Atlantic,28-1,0.966,,86,7.20,134,43.27,158,85.80,122,22.64,2.57,310,30.94,310,30.94,0.00,0.00
Old Dominion,Sun Belt,22-8,0.733,+1,118,6.94,135,43.19,197,83.69,83,24.67,2.70,171,38.66,163,38.98,0.36,0.64
Duquesne,Atlantic 10,20-12,0.625,+6,125,6.87,136,43.11,102,89.71,205,18.57,2.71,114,41.47,114,41.47,0.00,0.00
Bowling Green,Mid-American,16-13,0.552,-2,144,6.70,137,43.10,100,89.86,211,18.41,2.76,128,40.63,128,40.63,0.00,0.00
Liberty,Conference USA,16-15,0.516,+1,139,6.77,138,42.94,129,87.44,164,20.68,2.75,95,43.18,94,43.18,0.00,0.00
San Francisco,West Coast,14-16,0.467,-2,152,6.64,139,42.84,118,88.03,182,19.98,2.76,111,41.75,111,41.75,0.00,0.00
Pacific,West Coast,18-13,0.581,+1,138,6.80,140,42.62,75,91.74,273,16.06,2.75,110,41.80,110,41.80,0.00,0.00
Montana St,Big Sky,17-15,0.531,+1,148,6.68,141,42.35,212,82.66,81,24.86,2.81,134,40.37,135,40.31,0.62,0.38
Hawaii,Big West,20-9,0.690,+1,132,6.82,142,42.32,219,82.27,75,25.22,2.69,174,38.61,178,38.38,0.80,0.20
St Louis,Atlantic 10,16-18,0.471,+6,149,6.67,143,42.30,71,91.81,281,15.67,2.73,102,42.34,103,42.34,0.00,0.00
WKU,Conference USA,15-16,0.484,-4,156,6.59,144,42.14,148,86.40,159,20.92,2.75,129,40.61,129,40.61,0.00,0.00
San Diego St,Mountain West,19-12,0.613,+5,140,6.74,145,42.06,153,86.08,152,21.16,2.73,148,39.45,155,39.20,0.79,0.21
UT San Antonio,American Athletic,16-13,0.552,,135,6.81,146,42.06,175,84.84,131,22.39,2.71,93,43.37,92,43.37,0.00,0.00
Fordham,Atlantic 10,12-17,0.414,-4,181,6.41,147,41.65,161,85.50,147,21.32,2.69,177,38.52,175,38.52,0.00,0.00
Louisiana Tech,Conference USA,13-18,0.419,+1,171,6.49,148,41.49,203,83.18,105,23.48,2.71,133,40.41,132,40.41,0.00,0.00
Oral Roberts,Summit Lg,20-9,0.690,-5,137,6.81,149,41.48,48,95.45,342,11.20,2.78,154,39.18,161,39.01,0.71,0.29
Southern Miss,Sun Belt,18-13,0.581,-2,153,6.62,150,41.33,183,84.31,134,22.19,2.64,181,38.33,181,38.33,0.00,0.00
Boise St,Mountain West,19-12,0.613,-2,145,6.70,151,41.30,206,82.98,104,23.49,2.81,175,38.56,185,38.15,0.91,0.09
Norfolk St,Mid-Eastern AC,24-5,0.828,+3,141,6.72,152,40.98,226,81.72,89,24.42,2.73,321,30.17,328,29.73,0.99,0.01
Chattanooga,Southern,27-4,0.871,+8,113,6.95,153,40.92,248,80.36,70,25.73,2.51,271,33.68,271,33.64,0.75,0.25
Penn,Ivy League,15-12,0.556,+1,155,6.60,154,40.65,165,85.25,170,20.57,2.70,155,39.17,156,39.17,0.00,0.00
UAB,American Athletic,18-12,0.600,-4,150,6.67,155,40.60,94,90.26,284,15.51,2.67,159,39.07,149,39.32,0.33,0.67
Wichita St,American Athletic,10-21,0.323,+9,186,6.38,156,40.35,155,86.05,193,19.47,2.74,104,42.22,102,42.53,0.18,0.82
San Diego,West Coast,9-22,0.290,,200,6.28,157,40.33,182,84.56,158,20.94,2.69,117,41.34,117,41.34,0.00,0.00
Maine,America East,22-9,0.710,+1,147,6.68,158,40.15,217,82.30,112,23.02,2.66,244,35.50,245,35.22,0.86,0.14
UC Davis,Big West,17-13,0.567,+6,164,6.52,159,39.85,205,83.09,139,21.93,2.70,191,37.67,191,37.67,0.00,0.00
Buffalo,Mid-American,17-12,0.586,-9,173,6.48,160,39.58,170,85.05,188,19.69,2.69,234,35.79,234,35.79,0.00,0.00
Florida Intl,Conference USA,20-10,0.667,-1,154,6.60,161,39.30,144,86.52,222,17.95,2.72,223,36.21,223,36.21,0.00,0.00
St Mary's CA,West Coast,13-18,0.419,-9,174,6.45,162,39.28,187,84.12,176,20.33,2.71,113,41.49,113,41.49,0.00,0.00
Nevada,Mountain West,16-15,0.516,,167,6.51,163,39.17,176,84.76,192,19.59,2.74,149,39.31,148,39.53,0.29,0.71
IL Chicago,Missouri Val,17-14,0.548,+2,159,6.56,164,39.12,201,83.27,155,21.02,2.51,147,39.54,147,39.54,0.00,0.00
UTEP,Conference USA,11-18,0.379,-7,194,6.31,165,39.11,125,87.74,263,16.54,2.80,142,39.64,142,39.64,0.00,0.00
Air Force,Mountain West,15-16,0.484,-4,170,6.49,166,39.01,184,84.29,187,19.89,2.71,136,40.25,138,40.22,0.49,0.51
UT Arlington,Western Athletic,15-15,0.500,-3,177,6.43,167,38.98,111,89.31,296,14.83,2.72,161,38.98,162,38.98,0.00,0.00
NC A&T,Coastal,19-10,0.655,-9,163,6.54,168,38.94,213,82.61,145,21.50,2.67,248,35.17,248,35.17,0.00,0.00
PFW,Horizon,21-11,0.656,+3,157,6.58,169,38.79,190,84.04,185,19.93,2.62,220,36.47,210,36.95,0.13,0.87
N Colorado,Big Sky,15-14,0.517,-3,178,6.42,170,38.76,202,83.21,161,20.72,2.65,202,37.27,198,37.45,0.38,0.62
Fresno St,Mountain West,14-17,0.452,-4,193,6.32,171,38.75,192,83.99,184,19.94,2.70,210,36.99,208,37.03,0.51,0.49
Drexel,Coastal,15-14,0.517,+11,187,6.36,172,38.75,287,78.10,67,25.82,2.68,240,35.58,240,35.58,0.00,0.00
Towson,Coastal,18-10,0.643,-3,162,6.54,173,38.74,160,85.52,212,18.40,2.76,225,36.12,233,35.84,0.79,0.21
S Illinois,Missouri Val,11-19,0.367,+19,201,6.28,174,38.74,162,85.34,203,18.57,2.74,144,39.62,144,39.62,0.00,0.00
Louisiana,Sun Belt,19-13,0.594,+7,169,6.50,175,38.72,305,77.23,56,26.66,2.67,224,36.16,220,36.46,0.29,0.71
Long Beach St,Big West,13-17,0.433,+3,191,6.32,176,38.65,138,86.68,245,17.14,2.64,180,38.34,180,38.34,0.00,0.00
Cal Poly,Big West,17-12,0.586,-3,160,6.56,177,38.54,224,81.95,141,21.76,2.66,151,39.27,151,39.27,0.00,0.00
G Washington,Atlantic 10,13-18,0.419,-2,190,6.33,178,38.52,256,79.62,94,24.08,2.76,178,38.43,176,38.43,0.00,0.00
Idaho,Big Sky,15-15,0.500,+1,189,6.34,179,38.50,236,81.22,128,22.45,2.69,231,35.87,225,36.16,0.33,0.67
Loyola-Chicago,Atlantic 10,15-16,0.484,+1,172,6.48,180,38.48,240,81.18,126,22.48,2.62,138,40.22,137,40.22,0.00,0.00
Lamar,Southland,23-5,0.821,+4,143,6.71,181,38.46,215,82.44,151,21.20,2.63,287,32.64,285,32.64,0.00,0.00
Col Charleston,Coastal,21-8,0.724,+10,168,6.51,182,38.34,114,88.52,292,14.99,2.65,296,32.25,296,32.25,0.00,0.00
WI Milwaukee,Horizon,16-16,0.500,-6,198,6.29,183,38.15,220,82.11,150,21.21,2.69,247,35.19,247,35.19,0.00,0.00
Mercer,Southern,15-17,0.469,+1,204,6.27,184,38.11,169,85.07,215,18.21,2.66,222,36.24,222,36.24,0.00,0.00
Delaware,Coastal,11-19,0.367,-5,237,6.11,185,37.98,140,86.63,264,16.53,2.67,229,35.97,229,35.97,0.00,0.00
Southern Indiana,OH Valley,24-6,0.800,+7,151,6.66,186,37.84,168,85.08,223,17.93,2.68,275,33.28,276,33.28,0.00,0.00
Massachusetts,Atlantic 10,5-27,0.156,+3,255,5.97,187,37.79,166,85.20,230,17.77,2.66,112,41.59,112,41.59,0.00,0.00
Idaho St,Big Sky,11-19,0.367,-14,207,6.26,188,37.76,245,80.47,127,22.46,2.77,146,39.55,146,39.55,0.00,0.00
Tennessee Tech,OH Valley,16-15,0.516,,210,6.25,189,37.72,141,86.59,269,16.30,2.70,254,34.30,254,34.30,0.00,0.00
Vermont,America East,21-10,0.677,-3,185,6.38,190,37.72,280,78.37,86,24.52,2.67,305,31.37,305,31.37,0.00,0.00
Abilene Chr,Western Athletic,14-15,0.483,-1,205,6.26,191,37.69,154,86.06,257,16.80,2.77,239,35.62,239,35.62,0.00,0.00
Appalachian St,Sun Belt,17-15,0.531,-5,176,6.45,192,37.62,117,88.30,302,14.49,2.72,167,38.83,168,38.83,0.00,0.00
Utah Tech,Western Athletic,18-13,0.581,+7,184,6.39,193,37.56,124,87.79,295,14.95,2.70,242,35.53,242,35.53,0.00,0.00
N Kentucky,Horizon,11-20,0.355,+7,223,6.19,194,37.54,127,87.51,290,15.21,2.67,162,38.97,164,38.97,0.00,0.00
UC Santa Barbara,Big West,16-14,0.533,-9,188,6.36,195,37.52,200,83.41,195,19.29,2.69,226,36.04,226,36.04,0.00,0.00
TN Martin,OH Valley,16-16,0.500,+5,208,6.26,196,37.42,229,81.66,157,20.94,2.69,246,35.21,246,35.21,0.00,0.00
Dayton,Atlantic 10,12-19,0.387,+6,206,6.26,197,37.35,177,84.75,228,17.78,2.65,152,39.23,153,39.23,0.00,0.00
New Mexico St,Conference USA,12-17,0.414,+10,197,6.29,198,37.32,253,79.86,121,22.64,2.73,165,38.91,165,38.91,0.00,0.00
Austin Peay,Atlantic Sun,17-15,0.531,+9,212,6.24,199,37.14,267,79.33,113,22.99,2.65,273,33.51,273,33.51,0.00,0.00
E Kentucky,Atlantic Sun,22-10,0.688,+5,180,6.41,200,37.11,159,85.76,265,16.52,2.68,291,32.40,292,32.40,0.00,0.00
Youngstown St,Horizon,14-18,0.438,+2,221,6.21,201,36.90,243,80.58,146,21.49,2.76,215,36.61,216,36.61,0.00,0.00
Brown,Ivy League,16-11,0.593,+3,165,6.52,202,36.69,208,82.89,199,18.97,2.59,157,39.14,158,39.14,0.00,0.00
Monmouth NJ,Coastal,21-8,0.724,+8,161,6.54,203,36.68,233,81.40,173,20.45,2.57,261,34.17,262,34.17,0.00,0.00
Arkansas St,Sun Belt,13-17,0.433,-14,217,6.23,204,36.58,193,83.98,229,17.77,2.73,199,37.33,202,37.33,0.00,0.00
FL Atlantic,American Athletic,11-19,0.367,-2,199,6.29,205,36.58,222,82.07,190,19.69,2.75,121,41.03,121,41.03,0.00,0.00
UC Riverside,Big West,17-12,0.586,+6,175,6.45,206,36.55,303,77.41,91,24.31,2.64,200,37.33,192,37.64,0.20,0.80
SUNY Albany,America East,25-5,0.833,-3,166,6.51,207,36.54,306,77.10,84,24.62,2.72,345,28.28,346,28.28,0.00,0.00
Texas St,Sun Belt,14-18,0.438,-7,226,6.18,208,36.49,230,81.49,179,20.17,2.64,237,35.68,237,35.68,0.00,0.00
Wofford,Southern,17-13,0.567,-2,216,6.23,209,36.37,188,84.08,238,17.46,2.73,285,32.69,283,32.69,0.00,0.00
Ark Little Rock,OH Valley,12-18,0.400,-7,225,6.18,210,36.30,328,75.41,63,26.06,2.76,189,37.90,189,37.90,0.00,0.00
Wright St,Horizon,17-14,0.548,+2,182,6.40,211,36.22,123,87.80,315,13.60,2.67,186,38.03,177,38.38,0.15,0.85
Loy Marymount,West Coast,11-19,0.367,+8,203,6.27,212,36.18,235,81.30,180,20.06,2.69,120,41.16,120,41.16,0.00,0.00
William & Mary,Coastal,15-13,0.536,-6,192,6.32,213,36.12,211,82.73,206,18.57,2.77,219,36.47,224,36.17,0.74,0.26
Ga Southern,Sun Belt,15-18,0.455,+1,230,6.15,214,36.11,116,88.31,320,12.96,2.78,249,35.02,249,35.02,0.00,0.00
ULM,Sun Belt,19-13,0.594,+1,179,6.42,215,35.89,157,85.91,291,15.15,2.59,211,36.93,211,36.93,0.00,0.00
SE Louisiana,Southland,18-11,0.621,-1,209,6.25,216,35.75,269,79.25,143,21.68,2.68,301,31.91,301,31.91,0.00,0.00
Cent Arkansas,Atlantic Sun,20-10,0.667,,183,6.39,217,35.75,270,79.20,142,21.72,2.69,272,33.55,272,33.55,0.00,0.00
Holy Cross,Patriot League,17-12,0.586,+4,235,6.13,218,35.62,259,79.47,148,21.32,2.60,318,30.53,317,30.53,0.00,0.00
Jacksonville St,Conference USA,12-16,0.429,+1,215,6.23,219,35.50,262,79.40,149,21.28,2.81,184,38.23,184,38.23,0.00,0.00
UC San Diego,Big West,12-19,0.387,-3,228,6.16,220,35.47,296,77.79,115,22.86,2.73,195,37.50,196,37.50,0.00,0.00
Coastal Car,Sun Belt,12-21,0.364,,234,6.14,221,35.45,167,85.13,285,15.49,2.76,173,38.65,173,38.65,0.00,0.00
TAM C. Christi,Southland,21-8,0.724,+3,196,6.30,222,35.41,242,80.61,183,19.97,2.67,344,28.71,344,28.71,0.00,0.00
N Illinois,Mid-American,15-15,0.500,+13,220,6.21,223,35.29,198,83.54,254,16.92,2.88,241,35.55,241,35.55,0.00,0.00
Georgia St,Sun Belt,15-15,0.500,-9,218,6.22,224,35.26,194,83.87,261,16.56,2.63,236,35.74,236,35.74,0.00,0.00
Ark Pine Bluff,Southwestern AC,16-15,0.516,-12,227,6.16,225,35.22,147,86.42,308,13.97,2.65,256,34.27,256,34.27,0.00,0.00
Akron,Mid-American,11-18,0.379,+1,236,6.11,226,35.21,218,82.27,216,18.11,2.73,192,37.61,193,37.61,0.00,0.00
ETSU,Southern,18-12,0.600,-12,214,6.23,227,35.19,291,77.94,129,22.42,2.63,290,32.41,291,32.41,0.00,0.00
IUPUI,Horizon,7-23,0.233,-2,263,5.90,228,35.09,146,86.44,311,13.82,2.78,169,38.80,170,38.80,0.00,0.00
Siena,Metro Atlantic,17-11,0.607,+6,222,6.20,229,34.96,181,84.58,283,15.55,2.64,297,32.16,297,32.16,0.00,0.00
Yale,Ivy League,8-19,0.296,-3,245,6.05,230,34.93,223,82.03,219,18.07,2.71,140,39.93,140,39.93,0.00,0.00
Southern Univ,Southwestern AC,15-14,0.517,+11,224,6.19,231,34.84,266,79.33,163,20.69,2.72,235,35.75,235,35.75,0.00,0.00
Niagara,Metro Atlantic,18-12,0.600,+6,211,6.25,232,34.84,130,87.41,326,12.60,2.69,260,34.18,261,34.18,0.00,0.00
CS Sacramento,Big Sky,6-24,0.200,+6,273,5.86,233,34.63,246,80.46,194,19.34,2.61,163,38.93,159,39.10,0.24,0.76
St Thomas MN,Summit Lg,15-15,0.500,-6,202,6.28,234,34.44,189,84.05,282,15.56,2.64,188,37.92,186,38.14,0.23,0.77
CS Fullerton,Big West,10-20,0.333,-2,238,6.09,235,34.31,241,80.91,204,18.57,2.67,153,39.22,154,39.22,0.00,0.00
E Illinois,OH Valley,15-18,0.455,+4,243,6.05,236,34.30,210,82.80,259,16.66,2.71,258,34.26,259,34.26,0.00,0.00
Lipscomb,Atlantic Sun,17-13,0.567,-18,219,6.21,237,34.27,196,83.70,280,15.74,2.51,257,34.27,258,34.27,0.00,0.00
W Michigan,Mid-American,13-17,0.433,-2,240,6.07,238,34.19,232,81.45,224,17.90,2.76,243,35.52,243,35.52,0.00,0.00
Lehigh,Patriot League,17-12,0.586,+8,242,6.06,239,34.18,156,85.92,316,13.44,2.73,323,30.09,322,30.09,0.61,0.39
UNC Greensboro,Southern,21-10,0.677,+14,213,6.23,240,34.13,275,78.82,172,20.48,2.71,322,30.14,316,30.54,0.25,0.75
Boston Univ,Patriot League,18-11,0.621,-11,233,6.14,241,34.09,228,81.70,235,17.56,2.75,313,30.77,318,30.52,0.79,0.21
Southern Utah,Western Athletic,8-21,0.276,+8,262,5.90,242,33.95,174,84.84,304,14.28,2.79,197,37.35,201,37.35,0.00,0.00
Grambling,Southwestern AC,21-8,0.724,+11,195,6.31,243,33.93,227,81.71,242,17.39,2.72,314,30.75,312,30.75,0.00,0.00
Campbell,Coastal,16-13,0.552,-3,232,6.15,244,33.76,322,75.82,110,23.11,2.64,283,32.82,281,32.82,0.00,0.00
Oakland,Horizon,12-17,0.414,,241,6.07,245,33.76,135,87.03,334,11.90,2.71,216,36.49,217,36.49,0.00,0.00
Stetson,Atlantic Sun,17-14,0.548,-7,231,6.15,246,33.69,316,76.27,123,22.59,2.61,274,33.39,274,33.39,0.00,0.00
Howard,Mid-Eastern AC,13-15,0.464,-1,254,5.99,247,33.61,278,78.55,178,20.24,2.66,282,32.87,287,32.57,0.78,0.22
Denver,Summit Lg,8-22,0.267,+3,265,5.89,248,33.49,209,82.84,277,15.83,2.70,190,37.85,190,37.85,0.00,0.00
La Salle,Atlantic 10,8-22,0.267,,244,6.05,249,33.47,225,81.79,256,16.85,2.77,109,41.82,109,41.82,0.00,0.00
Ohio,Mid-American,11-18,0.379,+4,247,6.03,250,33.36,191,83.99,301,14.54,2.80,194,37.51,195,37.51,0.00,0.00
Indiana St,Missouri Val,10-20,0.333,-4,249,6.02,251,33.31,214,82.46,274,16.02,2.70,166,38.87,167,38.87,0.00,0.00
North Dakota,Summit Lg,9-20,0.310,+4,258,5.92,252,32.90,152,86.11,332,11.96,2.84,198,37.33,199,37.44,0.29,0.71
Colgate,Patriot League,17-12,0.586,+2,252,6.01,253,32.77,302,77.42,171,20.52,2.55,328,29.64,329,29.64,0.00,0.00
W Illinois,OH Valley,18-12,0.600,,248,6.03,254,32.65,163,85.25,327,12.57,2.77,335,29.37,335,29.37,0.00,0.00
Missouri KC,Summit Lg,12-20,0.375,-2,257,5.92,255,32.63,249,80.18,234,17.62,2.77,250,35.01,250,35.01,0.00,0.00
Sam Houston St,Conference USA,7-21,0.250,-7,282,5.80,256,32.38,178,84.74,322,12.82,2.73,205,37.14,204,37.14,0.00,0.00
Samford,Southern,14-16,0.467,-2,251,6.01,257,32.29,279,78.39,198,19.07,2.76,266,33.81,267,33.81,0.00,0.00
San Jose St,Mountain West,7-23,0.233,-2,275,5.83,258,32.19,247,80.39,251,16.97,2.73,172,38.65,171,38.79,0.21,0.79
Quinnipiac,Metro Atlantic,12-17,0.414,+9,267,5.88,259,31.99,265,79.34,227,17.82,2.80,276,33.27,282,32.76,0.89,0.11
Xavier,Big East,1-27,0.036,-1,301,5.64,260,31.90,273,78.85,214,18.22,2.81,76,48.49,76,48.49,0.00,0.00
Manhattan,Metro Atlantic,18-11,0.621,+1,239,6.08,261,31.79,315,76.29,165,20.67,2.74,315,30.74,313,30.74,0.00,0.00
Miami OH,Mid-American,9-20,0.310,+1,256,5.95,262,31.73,297,77.66,196,19.24,2.79,168,38.80,169,38.80,0.00,0.00
Bucknell,Patriot League,13-17,0.433,-2,268,5.87,263,31.64,318,76.18,168,20.63,2.75,281,32.88,280,32.88,0.00,0.00
Kennesaw,Atlantic Sun,11-19,0.367,+2,261,5.91,264,31.49,255,79.62,250,17.04,2.79,232,35.85,231,35.85,0.00,0.00
Sacred Heart,Northeast,21-9,0.700,+2,250,6.02,265,31.41,254,79.70,255,16.88,2.60,354,26.58,354,26.15,0.95,0.05
North Alabama,Atlantic Sun,12-18,0.400,-2,266,5.89,266,31.40,179,84.70,335,11.87,2.65,259,34.25,260,34.25,0.00,0.00
Jacksonville,Atlantic Sun,11-20,0.355,+8,276,5.82,267,31.38,234,81.33,288,15.22,2.65,251,34.73,252,34.73,0.00,0.00
NE Omaha,Summit Lg,8-23,0.258,+4,288,5.77,268,31.35,126,87.62,354,8.90,2.68,209,37.00,209,37.00,0.00,0.00
Incarnate Word,Southland,18-10,0.643,-3,246,6.05,269,31.27,308,76.78,191,19.66,2.60,330,29.53,330,29.53,0.00,0.00
Northeastern,Coastal,9-16,0.360,,285,5.79,270,31.19,274,78.82,236,17.54,2.75,267,33.75,257,34.27,0.47,1.53
Elon,Coastal,11-20,0.355,+5,272,5.86,271,31.11,329,75.26,154,21.03,2.72,245,35.33,244,35.33,0.00,0.00
Detroit,Horizon,17-16,0.515,-3,229,6.15,272,31.05,300,77.52,202,18.70,2.69,214,36.71,215,36.71,0.00,0.00
High Point,Big South,20-11,0.645,-7,253,6.00,273,30.99,252,79.87,270,16.29,2.63,336,29.35,337,29.35,0.00,0.00
Cornell,Ivy League,7-19,0.269,-3,274,5.86,274,30.94,288,78.09,220,18.02,2.68,141,39.65,141,39.65,0.00,0.00
MD E Shore,Mid-Eastern AC,15-14,0.517,+5,260,5.91,275,30.87,282,78.34,233,17.70,2.67,309,31.02,309,31.02,0.00,0.00
Furman,Southern,15-16,0.484,-4,271,5.87,276,30.79,238,81.19,297,14.78,2.79,312,30.85,311,30.85,0.00,0.00
Utah Valley,Western Athletic,10-19,0.345,-1,270,5.87,277,30.78,299,77.53,210,18.42,2.80,228,35.98,228,35.98,0.00,0.00
E Michigan,Mid-American,7-22,0.241,+5,290,5.73,278,30.72,289,78.06,225,17.83,2.75,196,37.43,200,37.43,0.00,0.00
Alabama A&M,Southwestern AC,15-15,0.500,-10,269,5.87,279,30.66,307,77.06,200,18.77,2.75,317,30.60,315,30.60,0.00,0.00
Valparaiso,Missouri Val,5-24,0.172,-3,299,5.65,280,30.58,244,80.54,289,15.21,2.71,170,38.71,172,38.71,0.00,0.00
Weber St,Big Sky,8-24,0.250,+4,277,5.82,281,30.48,284,78.20,239,17.45,2.78,158,39.07,150,39.29,0.11,0.89
Coppin St,Mid-Eastern AC,11-17,0.393,+8,281,5.80,282,30.34,330,75.12,175,20.39,2.62,270,33.69,270,33.69,0.00,0.00
Binghamton,America East,14-16,0.467,+2,291,5.73,283,30.28,281,78.34,247,17.11,2.64,342,28.88,336,29.35,0.14,0.86
CS Bakersfield,Big West,8-21,0.276,-6,286,5.78,284,30.19,283,78.23,246,17.13,2.70,213,36.81,214,36.81,0.00,0.00
Pepperdine,West Coast,5-25,0.167,-3,289,5.74,285,30.14,294,77.82,237,17.49,2.88,116,41.34,116,41.34,0.00,0.00
Bethune-Cookman,Southwestern AC,15-16,0.484,-7,279,5.81,286,30.08,260,79.45,278,15.81,2.59,324,30.00,323,30.00,0.00,0.00
Tarleton St,Western Athletic,11-19,0.367,+3,280,5.81,287,30.01,290,77.95,243,17.23,2.73,255,34.30,255,34.30,0.00,0.00
SE Missouri St,OH Valley,9-20,0.310,+1,293,5.69,288,29.86,277,78.61,268,16.42,2.73,269,33.71,269,33.71,0.00,0.00
UTRGV,Western Athletic,6-23,0.207,-4,295,5.68,289,29.72,276,78.61,271,16.28,2.69,185,38.12,187,38.12,0.00,0.00
C Michigan,Mid-American,6-22,0.214,-10,307,5.62,290,29.69,231,81.46,317,13.41,2.74,217,36.48,218,36.48,0.00,0.00
Iona,Metro Atlantic,11-18,0.379,-4,294,5.68,291,29.58,304,77.32,240,17.43,2.70,304,31.43,304,31.43,0.00,0.00
Morehead St,OH Valley,15-15,0.500,-3,259,5.91,292,29.57,261,79.44,287,15.30,2.71,288,32.63,286,32.63,0.00,0.00
St Bonaventure,Atlantic 10,4-26,0.133,-5,312,5.59,293,29.46,317,76.20,209,18.43,2.87,139,40.09,139,40.09,0.00,0.00
Seattle,Western Athletic,6-23,0.207,+5,296,5.67,294,29.42,221,82.07,328,12.53,2.76,182,38.32,182,38.32,0.00,0.00
TX A&M Commerce,Southland,13-15,0.464,+1,287,5.77,295,29.07,171,85.04,353,9.21,2.76,306,31.26,308,31.06,0.60,0.40
Mt St Mary's,Metro Atlantic,13-16,0.448,-2,284,5.80,296,28.80,336,74.28,189,19.69,2.79,299,32.06,299,32.06,0.00,0.00
American Univ,Patriot League,10-20,0.333,+5,303,5.63,297,28.52,272,78.98,299,14.72,2.74,294,32.36,295,32.36,0.00,0.00
Canisius,Metro Atlantic,16-13,0.552,-4,264,5.89,298,28.46,293,77.84,279,15.80,2.71,307,31.12,306,31.12,0.00,0.00
F Dickinson,Northeast,13-16,0.448,+4,317,5.54,299,28.38,321,75.82,232,17.73,2.65,353,26.68,353,26.29,0.86,0.14
Portland St,Big Sky,8-23,0.258,-5,292,5.71,300,28.17,301,77.45,275,15.89,2.77,193,37.61,194,37.61,0.00,0.00
North Florida,Atlantic Sun,9-21,0.300,-1,318,5.53,301,28.13,250,80.18,319,13.12,2.77,298,32.15,298,32.15,0.00,0.00
Loyola MD,Patriot League,15-14,0.517,-4,278,5.81,302,27.81,323,75.81,244,17.17,2.64,308,31.06,307,31.08,0.39,0.61
Robert Morris,Horizon,6-24,0.200,-4,320,5.53,303,27.67,333,74.75,217,18.09,2.82,221,36.30,221,36.30,0.00,0.00
CS Northridge,Big West,3-27,0.100,+3,335,5.32,304,27.64,292,77.84,293,14.97,2.70,208,37.04,207,37.04,0.00,0.00
Bradley,Missouri Val,6-25,0.194,,313,5.57,305,27.62,257,79.59,318,13.21,2.78,179,38.38,179,38.38,0.00,0.00
Hofstra,Coastal,9-20,0.310,-4,316,5.54,306,27.34,341,73.95,207,18.56,2.70,302,31.83,302,31.83,0.00,0.00
Le Moyne,Northeast,16-13,0.552,-5,283,5.80,307,27.18,337,74.28,218,18.07,2.71,311,30.88,320,30.26,0.90,0.10
Tennessee St,OH Valley,11-19,0.367,+5,304,5.63,308,27.08,263,79.39,321,12.87,2.74,300,31.91,300,31.91,0.00,0.00
New Orleans,Southland,11-18,0.379,+3,300,5.64,309,27.01,258,79.57,325,12.60,2.65,284,32.80,288,32.54,0.55,0.45
Radford,Big South,15-17,0.469,+9,302,5.63,310,26.91,331,75.11,252,16.96,2.84,339,29.23,340,29.14,0.52,0.48
Army,Patriot League,12-16,0.429,-7,311,5.60,311,26.86,312,76.58,286,15.45,2.60,337,29.25,331,29.53,0.21,0.79
Bellarmine,Atlantic Sun,10-19,0.345,-8,306,5.62,312,26.85,216,82.31,351,9.71,2.74,277,33.26,277,33.26,0.00,0.00
Marist,Metro Atlantic,6-24,0.200,+4,332,5.38,313,26.76,332,74.84,248,17.09,2.72,278,33.06,278,33.06,0.00,0.00
SIUE,OH Valley,5-26,0.161,+3,336,5.31,314,26.75,186,84.13,357,7.79,2.78,265,33.96,266,33.96,0.00,0.00
NC Central,Mid-Eastern AC,15-14,0.517,+8,297,5.66,315,26.66,239,81.18,345,10.65,2.74,347,28.18,347,28.18,0.00,0.00
Gardner Webb,Big South,6-24,0.200,-3,343,5.24,316,26.65,195,83.75,356,8.08,2.71,316,30.73,314,30.73,0.00,0.00
South Alabama,Sun Belt,9-23,0.281,-6,308,5.61,317,26.57,285,78.14,314,13.60,2.80,238,35.66,238,35.66,0.00,0.00
Presbyterian,Big South,19-14,0.576,+12,298,5.66,318,26.43,338,74.21,241,17.40,2.79,358,25.74,358,25.78,0.48,0.52
Alcorn St,Southwestern AC,10-19,0.345,+6,319,5.53,319,25.86,349,73.29,231,17.74,2.77,293,32.38,294,32.38,0.00,0.00
Northwestern LA,Southland,12-18,0.400,,315,5.55,320,25.61,335,74.29,266,16.49,2.69,320,30.20,321,30.17,0.40,0.60
Hampton,Coastal,3-25,0.107,-2,344,5.21,321,25.58,311,76.59,306,14.16,2.72,230,35.93,230,35.93,0.00,0.00
SC Upstate,Big South,16-15,0.516,-4,310,5.60,322,25.55,340,74.04,258,16.68,2.68,350,27.57,350,27.57,0.00,0.00
Dartmouth,Ivy League,7-19,0.269,,323,5.50,323,25.52,357,70.05,167,20.64,2.62,253,34.37,251,34.86,0.01,0.99
Prairie View,Southwestern AC,11-17,0.393,-5,325,5.49,324,25.51,271,79.00,337,11.68,2.74,331,29.51,332,29.51,0.00,0.00
Morgan St,Mid-Eastern AC,8-21,0.276,-4,337,5.31,325,25.49,345,73.58,249,17.09,2.69,329,29.63,326,29.82,0.22,0.78
NJIT,America East,12-18,0.400,,322,5.50,326,25.47,319,76.07,300,14.57,2.69,332,29.47,333,29.47,0.00,0.00
Florida A&M,Southwestern AC,9-20,0.310,+5,321,5.52,327,25.44,286,78.10,329,12.51,2.66,264,33.97,265,33.97,0.00,0.00
Evansville,Missouri Val,5-27,0.156,+3,334,5.33,328,25.41,237,81.22,352,9.36,2.83,218,36.47,219,36.47,0.00,0.00
Nicholls St,Southland,13-17,0.433,,314,5.57,329,25.40,310,76.76,312,13.81,2.71,334,29.37,338,29.30,0.45,0.55
UMBC,America East,10-19,0.345,,327,5.42,330,25.27,313,76.56,310,13.89,2.73,333,29.43,334,29.43,0.00,0.00
Lafayette,Patriot League,10-20,0.333,-6,324,5.49,331,25.19,342,73.74,260,16.62,2.70,303,31.68,303,31.68,0.00,0.00
Bryant,America East,15-15,0.500,-6,305,5.63,332,25.14,320,76.06,305,14.26,2.77,343,28.83,343,28.83,0.00,0.00
Navy,Patriot League,14-16,0.467,+10,309,5.61,333,25.08,314,76.55,313,13.70,2.73,338,29.23,339,29.23,0.00,0.00
New Hampshire,America East,9-20,0.310,+2,328,5.39,334,25.02,353,72.23,221,17.96,2.75,319,30.43,319,30.43,0.00,0.00
Utah St,Mountain West,5-24,0.172,-1,329,5.39,335,24.60,264,79.37,346,10.40,2.80,201,37.31,197,37.48,0.09,0.91
Lindenwood,OH Valley,7-21,0.250,+1,330,5.38,336,24.35,268,79.27,347,10.25,2.80,280,33.01,279,33.01,0.00,0.00
MA Lowell,America East,4-25,0.138,,345,5.17,337,24.33,351,73.06,267,16.44,2.71,263,33.98,264,33.98,0.00,0.00
Longwood,Big South,9-21,0.300,-3,338,5.30,338,24.22,295,77.81,338,11.58,2.77,340,29.14,341,29.14,0.00,0.00
Rider,Metro Atlantic,9-20,0.310,-2,326,5.46,339,24.08,334,74.52,298,14.74,2.67,292,32.39,293,32.39,0.00,0.00
TX Southern,Southwestern AC,7-22,0.241,+5,339,5.29,340,23.43,298,77.60,343,11.00,2.77,289,32.45,290,32.45,0.00,0.00
Charleston So,Big South,11-19,0.367,-2,331,5.38,341,22.87,324,75.71,330,12.33,2.78,326,29.84,325,29.84,0.00,0.00
Merrimack,Northeast,11-18,0.379,-6,340,5.28,342,22.75,325,75.60,331,12.32,2.68,352,26.83,352,26.49,0.67,0.33
UNC Asheville,Big South,11-20,0.355,+1,342,5.24,343,22.70,346,73.39,303,14.48,2.71,355,26.06,355,26.06,0.00,0.00
Alabama St,Southwestern AC,3-26,0.103,,349,5.07,344,22.39,344,73.65,309,13.91,2.88,227,36.01,227,36.01,0.00,0.00
Houston Chr,Southland,6-23,0.207,,350,5.05,345,21.85,354,71.14,276,15.89,2.74,341,29.04,342,29.04,0.00,0.00
St Peter's,Metro Atlantic,7-22,0.241,,341,5.25,346,21.81,358,70.02,253,16.96,2.76,295,32.33,289,32.50,0.11,0.89
Winthrop,Big South,14-16,0.467,-1,333,5.35,347,21.54,355,70.61,272,16.10,2.67,356,25.98,356,25.98,0.00,0.00
W Carolina,Southern,6-24,0.200,,351,5.05,348,20.89,350,73.28,323,12.78,2.72,325,29.88,324,29.88,0.00,0.00
UNC Wilmington,Coastal,5-24,0.172,-1,348,5.11,349,20.41,339,74.18,340,11.40,2.77,268,33.71,268,33.71,0.00,0.00
Central Conn,Northeast,9-20,0.310,+1,347,5.11,350,20.26,343,73.73,336,11.70,2.66,349,27.67,349,27.62,0.33,0.67
Delaware St,Mid-Eastern AC,8-19,0.296,,346,5.13,351,19.46,347,73.34,341,11.29,2.76,327,29.75,327,29.75,0.00,0.00
MS Valley St,Southwestern AC,4-27,0.129,,352,4.95,352,18.95,326,75.56,355,8.56,2.71,252,34.51,253,34.51,0.00,0.00
McNeese St,Southland,6-25,0.194,-1,356,4.81,353,18.85,251,79.93,359,4.09,2.76,357,25.98,357,25.98,0.00,0.00
LIU Brooklyn,Northeast,8-21,0.276,,354,4.89,354,18.36,348,73.31,349,10.22,2.66,359,24.85,359,25.10,0.14,0.86
Wagner,Northeast,8-21,0.276,+1,355,4.87,355,18.30,352,72.70,344,10.77,2.73,360,23.75,360,23.75,0.00,0.00
Queens NC,Atlantic Sun,7-22,0.241,,353,4.90,356,17.86,327,75.50,358,7.53,2.61,351,27.06,351,27.06,0.00,0.00
Stonehill,Northeast,4-25,0.138,,358,4.64,357,15.43,356,70.36,348,10.23,2.74,346,28.23,345,28.36,0.10,0.90
St Francis PA,Northeast,5-24,0.172,,357,4.69,358,14.62,359,69.72,350,10.07,2.79,348,27.71,348,27.97,0.05,0.95
S Carolina St,Mid-Eastern AC,2-27,0.069,,359,4.58,359,14.51,360,67.75,333,11.93,2.81,279,33.05,275,33.37,0.01,0.99
Chicago St,D1 Independent,1-26,0.037,,360,4.40,360,14.47,309,76.77,360,2.87,2.80,286,32.65,284,32.65,0.00,0.00
